Mes,Ventas Totales
2023-06,48021
2023-05,45031
2023-01,17274
2023-05,24402
2023-10,35003
2023-11,29322
2023-01,43630
2023-12,33385
2023-11,43465
2023-11,20364
2023-07,48768
2023-05,20422
2023-08,15477
2023-09,17397
2023-01,10211
2023-12,33277
2023-07,12871
2023-11,46580
2023-03,13476
2023-09,46562
2023-01,24580
2023-04,10667
2023-07,43656
2023-04,27666
2023-05,45556
2023-08,13517
2023-11,41226
2023-11,49427
2023-10,12055
2023-10,35210
2023-11,42834
2023-10,31091
2023-09,48478
2023-01,30106
2023-08,33432
2023-09,19435
2023-05,19832
2023-02,26798
2023-12,34670
2023-10,39855
2023-07,29670
2023-10,43717
2023-06,48263
2023-08,48189
2023-08,13964
2023-08,34660
2023-07,12968
2023-12,16894
2023-01,46650
2023-01,12930
2023-03,37717
2023-10,22602
2023-01,22486
2023-07,26656
2023-12,48052
2023-12,47922
2023-05,43199
2023-03,11486
2023-10,32960
2023-05,36575
2023-11,43278
2023-04,40819
2023-10,45948
2023-08,23502
2023-01,33711
2023-10,45100
2023-02,31992
2023-07,39807
2023-04,46468
2023-04,47428
2023-07,46474
2023-10,30236
2023-10,29164
2023-08,44969
2023-04,43837
2023-05,35544
2023-02,21264
2023-01,38479
2023-05,44967
2023-10,16875
2023-03,32476
2023-10,34777
2023-11,48165
2023-06,17272
2023-05,36588
2023-11,38915
2023-11,42064
2023-05,11246
2023-03,23193
2023-07,11294
2023-06,43970
2023-06,15868
2023-03,28102
2023-07,15839
2023-07,45024
2023-10,48892
2023-09,33161
2023-08,13464
2023-04,33218
2023-12,42238
2023-06,27132
2023-08,48667
2023-09,24424
2023-09,45405
2023-10,38771
2023-10,18687
2023-01,42502
2023-03,37052
2023-08,49161
2023-09,21148
2023-09,15847
2023-02,37757
2023-05,43680
2023-12,42286
2023-10,33136
2023-09,36186
2023-01,14481
2023-09,38342
2023-07,16234
2023-08,14557
2023-10,41820
2023-06,38423
2023-09,11550
2023-07,18247
2023-01,25305
2023-05,33740
2023-08,17508
2023-05,44753
2023-06,30851
2023-03,49327
2023-12,45860
2023-07,19172
2023-02,14125
2023-07,17371
2023-12,41404
2023-06,47576
2023-07,26216
2023-09,31024
2023-07,37360
2023-02,26419
2023-07,24718
2023-09,39067
2023-04,28885
2023-12,17012
2023-07,22531
2023-12,26126
2023-01,49046
2023-12,28190
2023-07,27106
2023-09,22203
2023-09,38099
2023-10,23448
2023-03,13743
2023-01,11503
2023-03,19450
2023-07,15126
2023-08,40994
2023-09,30744
2023-12,17636
2023-09,17688
2023-10,34261
2023-06,21010
2023-09,15045
2023-09,35101
2023-07,10077
2023-09,28870
2023-08,40372
2023-01,35958
2023-06,45326
2023-03,45399
2023-05,46874
2023-12,47734
2023-07,36394
2023-12,25506
2023-03,35738
2023-02,36675
2023-11,27609
2023-09,48720
2023-12,46512
2023-03,36400
2023-07,33347
2023-07,37803
2023-08,41545
2023-02,47277
2023-01,28370
2023-09,33694
2023-03,45458
2023-06,41894
2023-10,40923
2023-12,19050
2023-01,18165
2023-02,41131
2023-05,15770
2023-02,33921
2023-01,27386
2023-07,36587
2023-11,28441
2023-01,14921
2023-04,30077
2023-09,29167
2023-05,18559
2023-04,36667
2023-10,28418
2023-03,42328
2023-03,30726
2023-04,47238
2023-07,14970
2023-05,37475
2023-07,10958
2023-04,34717
2023-06,42675
2023-12,12300
2023-06,48595
2023-12,23495
2023-04,28062
2023-01,27370
2023-04,47845
2023-01,38080
2023-01,23251
2023-06,13188
2023-09,49000
2023-09,43479
2023-05,22642
2023-08,27239
2023-11,29386
2023-10,45996
2023-07,40107
2023-02,25504
2023-03,17894
2023-07,34117
2023-10,26116
2023-09,37884
2023-10,26431
2023-07,41308
2023-03,16431
2023-12,11699
2023-03,24386
2023-10,24303
2023-08,10714
2023-12,26008
2023-04,21444
2023-02,21647
2023-08,47772
2023-01,13051
2023-02,27905
2023-10,29642
2023-08,36051
2023-07,36234
2023-02,33219
2023-08,16872
2023-02,43725
2023-03,38235
2023-05,16212
2023-08,35787
2023-08,31055
2023-05,19093
2023-08,21192
2023-06,20187
2023-12,38727
2023-08,46917
2023-05,15923
2023-03,45514
2023-06,46863
2023-07,47116
2023-11,10137
2023-06,18763
2023-02,24199
2023-12,47733
2023-01,37558
2023-11,19575
2023-10,39842
2023-01,44067
2023-12,49097
2023-09,36141
2023-05,11077
2023-03,24603
2023-06,32212
2023-02,44325
2023-04,19241
2023-08,28425
2023-06,30564
2023-03,14240
2023-10,34638
2023-09,17869
2023-07,49176
2023-10,18431
2023-09,36589
2023-12,33395
2023-07,42355
2023-03,46929
2023-10,48282
2023-07,46011
2023-02,25497
2023-07,43109
2023-01,27177
2023-06,46213
2023-12,35353
2023-10,17431
2023-08,13981
2023-02,32666
2023-09,19552
2023-06,47760
2023-12,11473
2023-05,35076
2023-02,15612
2023-05,36818
2023-05,35812
2023-12,24440
2023-01,28560
2023-06,47817
2023-01,49250
2023-08,31770
2023-10,19274
2023-12,33268
2023-02,37364
2023-09,49080
2023-02,22997
2023-12,48235
2023-05,28586
2023-01,38417
2023-08,28550
2023-11,29856
2023-11,31786
2023-10,10095
2023-06,35436
2023-08,10719
2023-06,11897
2023-09,21996
2023-08,12024
2023-06,20426
2023-03,14269
2023-01,37704
2023-01,25715
2023-09,45595
2023-10,13087
2023-11,27844
2023-01,43953
2023-11,26612
2023-06,30019
2023-02,31512
2023-07,40245
2023-03,26558
2023-05,42484
2023-12,22518
2023-11,14212
2023-07,41909
2023-03,32096
2023-09,25622
2023-08,34742
2023-09,42370
2023-04,42394
2023-11,27776
2023-04,35534
2023-09,16817
2023-05,24694
2023-12,43115
2023-02,46169
2023-03,47284
2023-09,38610
2023-08,40251
2023-11,34769
2023-12,21172
2023-10,28468
2023-03,40861
2023-04,38431
2023-08,21372
2023-09,15345
2023-07,12147
2023-07,16700
2023-11,33158
2023-10,37076
2023-05,27127
2023-07,45080
2023-10,25227
2023-02,13531
2023-04,15763
2023-10,37942
2023-04,10027
2023-11,21286
2023-10,35465
2023-10,37048
2023-10,18133
2023-08,34704
2023-08,12006
2023-12,45263
2023-08,37083
2023-10,11791
2023-12,33012
2023-03,12932
2023-06,27258
2023-03,36626
2023-11,30666
2023-08,45287
2023-07,10715
2023-04,37336
2023-03,31572
2023-03,24810
2023-08,35705
2023-12,17749
2023-01,31638
2023-12,15776
2023-02,33970
2023-01,46457
2023-11,19729
2023-12,44910
2023-10,33776
2023-07,27102
2023-02,26659
2023-06,45697
2023-08,31968
2023-07,22886
2023-02,30312
2023-04,42040
2023-12,32855
2023-05,11245
2023-02,39296
2023-01,45693
2023-11,20428
2023-05,12386
2023-02,20341
2023-04,35996
2023-04,44111
2023-05,48361
2023-11,14074
2023-01,27365
2023-02,49737
2023-08,37846
2023-05,47263
2023-03,21469
2023-04,30309
2023-10,46383
2023-08,33064
2023-02,16481
2023-04,16754
2023-12,37043
2023-04,11040
2023-07,22544
2023-08,27560
2023-12,27853
2023-02,42694
2023-12,10547
2023-02,47697
2023-01,13967
2023-09,43449
2023-04,44936
2023-04,15978
2023-02,49340
2023-11,43254
2023-10,24789
2023-02,18743
2023-06,38189
2023-11,31334
2023-04,28113
2023-06,21832
2023-08,30098
2023-05,49711
2023-04,29815
2023-09,35219
2023-09,19074
2023-05,38604
2023-05,30218
2023-06,24295
2023-06,39343
2023-02,24703
2023-02,22164
2023-03,24557
2023-04,26006
2023-06,38885
2023-06,20851
2023-08,41626
2023-03,37630
2023-03,28403
2023-10,40001
2023-11,39113
2023-09,26453
2023-10,48187
2023-11,44132
2023-02,46672
2023-06,46825
2023-06,35266
2023-10,19658
2023-05,23376
2023-04,16843
2023-01,22762
2023-02,40104
2023-12,18990
2023-02,17966
2023-12,13455
2023-09,29417
2023-03,42465
2023-07,13258
2023-08,15208
2023-01,25999
2023-02,45332
2023-10,38516
2023-07,23599
2023-01,47953
2023-10,45472
2023-12,26096
2023-01,30041
2023-10,18372
2023-11,40310
2023-05,18758
2023-01,44053
2023-01,38360
2023-12,14509
2023-08,39382
2023-02,22830
2023-02,17625
2023-12,18550
2023-06,29444
2023-08,25687
2023-09,44855
2023-08,30813
2023-09,44000
2023-04,27107
2023-12,22446
2023-03,33365
2023-05,25227
2023-05,47221
2023-02,40819
2023-04,39744
2023-02,23713
2023-02,21407
2023-06,46509
2023-04,42462
2023-12,25955
2023-04,21413
2023-05,33702
2023-12,41441
2023-11,10693
2023-11,44267
2023-07,35694
2023-01,45455
2023-08,13027
2023-05,15914
2023-02,49051
2023-02,24573
2023-02,41740
2023-04,23468
2023-04,36341
2023-03,42051
2023-03,42425
2023-06,32674
2023-10,38063
2023-07,38757
2023-05,20013
2023-03,35575
2023-03,23276
2023-09,17669
2023-08,10014
2023-09,29253
2023-10,33485
2023-06,32224
2023-10,19941
2023-06,17565
2023-03,25178
2023-11,23534
2023-03,32274
2023-08,22212
2023-12,46279
2023-07,11919
2023-08,48712
2023-01,30995
2023-04,16158
2023-07,17216
2023-12,10658
2023-05,42060
2023-09,36295
2023-03,44298
2023-04,28536
2023-02,15244
2023-06,34909
2023-09,27960
2023-12,27068
2023-01,49935
2023-12,10263
2023-08,36373
2023-07,21668
2023-03,25002
2023-03,29826
2023-01,27595
2023-10,15621
2023-09,43068
2023-11,28449
2023-07,33596
2023-07,47547
2023-01,27414
2023-04,46906
2023-04,29465
2023-11,42933
2023-10,30842
2023-02,35202
2023-02,15036
2023-06,48548
2023-03,32284
2023-02,21268
2023-10,12336
2023-03,12589
2023-01,34840
2023-03,45023
2023-05,40275
2023-10,36792
2023-02,45739
2023-03,42809
2023-11,22065
2023-07,17788
2023-03,42524
2023-09,46488
2023-06,48706
2023-03,41223
2023-02,33395
2023-02,15044
2023-12,39345
2023-06,11096
2023-05,31764
2023-05,17744
2023-05,23719
2023-08,19945
2023-04,22769
2023-06,18612
2023-09,18035
2023-02,12977
2023-11,15729
2023-05,26506
2023-12,14240
2023-06,16314
2023-04,49531
2023-11,10391
2023-01,30947
2023-07,23931
2023-07,24870
2023-02,37734
2023-10,10178
2023-11,21089
2023-10,39971
2023-09,22711
2023-02,47969
2023-12,43591
2023-05,43310
2023-10,23772
2023-09,32512
2023-11,30086
2023-07,16053
2023-08,18592
2023-03,16490
2023-02,35885
2023-03,29444
2023-03,42295
2023-09,20021
2023-12,12746
2023-03,39701
2023-02,44582
2023-04,49278
2023-06,27923
2023-12,38451
2023-10,28633
2023-09,45755
2023-01,18218
2023-04,19392
2023-07,11556
2023-05,47996
2023-04,47157
2023-11,14542
2023-01,47989
2023-09,12641
2023-04,45729
2023-06,21392
2023-09,41307
2023-11,35643
2023-10,43014
2023-05,15534
2023-02,23465
2023-10,40023
2023-05,24661
2023-05,42043
2023-11,23722
2023-07,34590
2023-04,32178
2023-09,47943
2023-12,41771
2023-03,26908
2023-12,18939
2023-03,25079
2023-01,17733
2023-10,21138
2023-03,26064
2023-10,22930
2023-09,10653
2023-04,49447
2023-04,46601
2023-08,18597
2023-08,20331
2023-10,20595
2023-02,10948
2023-02,41485
2023-06,28127
2023-11,33933
2023-09,21878
2023-12,47760
2023-08,27093
2023-12,20248
2023-04,32791
2023-02,42194
2023-03,45907
2023-01,38582
2023-08,27659
2023-10,33418
2023-10,36074
2023-03,24642
2023-02,44579
2023-02,49320
2023-06,29789
2023-05,30182
2023-02,13840
2023-03,11787
2023-11,48381
2023-02,11208
2023-09,43882
2023-01,47386
2023-09,26980
2023-04,26322
2023-02,33887
2023-10,10112
2023-03,39535
2023-12,23543
2023-07,31561
2023-09,10959
2023-06,43593
2023-05,20761
2023-05,19672
2023-04,39582
2023-08,10348
2023-06,28038
2023-09,39393
2023-01,46775
2023-08,45696
2023-06,46117
2023-05,34820
2023-09,20802
2023-02,11662
2023-01,44328
2023-12,15884
2023-09,28141
2023-02,34052
2023-01,10723
2023-10,26136
2023-02,23268
2023-12,20027
2023-12,27286
2023-08,14248
2023-04,19429
2023-01,45019
2023-07,31534
2023-03,47444
2023-04,21584
2023-11,32917
2023-10,46666
2023-11,40524
2023-11,20511
2023-05,42039
2023-12,32240
2023-05,33339
2023-03,16108
2023-05,33987
2023-06,14575
2023-03,32800
2023-11,39383
2023-09,17461
2023-06,30458
2023-06,41955
2023-07,47873
2023-01,24245
2023-11,26228
2023-01,46930
2023-12,45521
2023-10,14152
2023-06,47906
2023-12,49240
2023-02,27973
2023-12,16129
2023-07,38214
2023-02,14494
2023-02,48412
2023-03,45646
2023-07,37816
2023-12,12974
2023-02,20539
2023-02,35504
2023-12,16847
2023-07,47864
2023-06,41565
2023-10,31308
2023-08,18343
2023-07,31733
2023-09,35191
2023-01,32871
2023-06,28835
2023-05,35716
2023-04,43906
2023-08,21411
2023-05,49447
2023-02,19701
2023-04,41792
2023-01,44915
2023-09,41276
2023-06,10168
2023-11,34051
2023-12,48313
2023-01,38531
2023-08,22826
2023-12,10438
2023-04,15699
2023-09,45959
2023-05,27345
2023-10,25523
2023-07,30753
2023-01,21311
2023-07,19782
2023-05,34265
2023-06,15214
2023-04,23087
2023-09,14170
2023-04,31333
2023-06,49578
2023-05,23661
2023-10,20120
2023-11,32722
2023-09,11275
2023-09,32917
2023-01,30892
2023-01,11568
2023-05,15522
2023-07,27351
2023-06,33782
2023-06,38524
2023-08,23502
2023-11,41188
2023-10,17238
2023-09,30368
2023-07,48947
2023-02,33409
2023-03,22051
2023-08,45878
2023-04,43153
2023-06,16370
2023-12,37709
2023-07,45025
2023-08,19460
2023-04,26929
2023-01,34242
2023-05,20584
2023-04,27258
2023-04,11327
2023-10,11428
2023-07,22365
2023-10,20862
2023-07,46818
2023-08,44030
2023-02,39060
2023-02,48401
2023-08,23560
2023-10,18363
2023-02,24234
2023-03,48073
2023-05,12167
2023-11,10288
2023-07,10004
2023-02,31022
2023-04,23441
2023-05,48344
2023-10,15194
2023-01,28528
2023-11,10442
2023-01,16611
2023-03,33149
2023-11,32517
2023-12,37207
2023-07,33987
2023-01,21433
2023-12,12071
2023-11,12493
2023-10,33658
2023-04,17982
2023-01,46885
2023-07,37019
2023-11,23952
2023-11,41462
2023-01,41762
2023-10,45710
2023-12,34665
2023-05,16003
2023-02,38740
2023-01,29497
2023-06,36597
2023-06,15148
2023-02,41105
2023-01,32122
2023-06,30876
2023-10,11901
2023-05,46903
2023-10,12665
2023-04,47304
2023-12,14596
2023-10,40403
2023-03,28093
2023-06,30157
2023-02,13162
2023-11,10220
2023-07,33382
2023-03,28359
2023-05,32208
2023-03,26604
2023-06,34353
2023-06,49415
2023-07,45559
2023-06,26474
2023-10,25881
2023-08,41062
2023-02,13450
2023-08,25793
2023-03,38628
2023-12,12786
2023-03,31961
2023-04,24259
2023-05,45810
2023-04,35500
2023-09,43142
2023-06,46809
2023-09,22412
2023-03,36218
2023-04,42183
2023-07,11788
2023-03,36087
2023-03,46706
2023-05,48973
2023-11,49307
2023-02,46775
2023-05,21524
2023-02,41520
2023-04,48542
2023-10,31814
2023-12,29104
2023-09,41572
2023-08,45383
2023-02,13755
2023-04,30423
2023-02,24719
2023-07,38109
2023-06,45025
2023-07,28990
2023-09,42206
2023-02,37350
2023-10,41487
2023-02,21837
2023-11,34788
2023-06,27343
2023-10,23410
2023-07,44852
2023-01,19153
2023-06,35999
2023-01,35761
2023-04,14332
2023-09,16391
2023-03,32556
2023-11,26143
2023-09,18292
2023-11,36374
2023-07,28915
2023-08,12606
2023-04,32649
2023-11,26842
2023-11,12501
2023-08,24022
2023-05,23263
2023-04,35868
2023-07,38879
2023-08,20860
2023-01,40818
2023-01,10437
2023-12,33973
2023-11,42615
2023-03,14960
2023-04,32579
2023-01,36760
2023-03,20043
2023-08,42198
2023-05,47661
2023-06,48764
2023-07,26670
2023-08,41224
2023-11,33219
2023-03,41021
2023-02,46107
2023-06,24320
2023-02,29046
2023-05,32069
2023-06,44055
2023-03,27275
2023-01,49418
2023-06,35657
2023-02,17066
2023-04,43885
2023-01,49119
2023-09,24050
2023-09,15508
2023-07,12183
2023-12,17465
2023-08,20482
2023-07,25228
2023-09,28986
2023-02,37194
2023-07,46858
2023-11,39360
2023-08,21183
2023-05,17314
2023-02,33289
2023-06,21001
2023-06,42206
2023-04,12362
2023-07,43932
2023-08,33095
2023-05,35834
2023-01,15672
2023-12,20789
2023-08,16097
2023-09,37551
2023-09,16479
2023-05,22140
2023-06,26813
2023-06,11915
2023-07,15243
2023-08,27871
2023-09,47745
2023-09,25182
2023-01,37726
2023-04,30830
2023-06,38509
2023-05,27648
2023-09,27224
2023-05,32200
2023-04,16872
2023-06,12375
2023-02,44355
2023-06,26602
2023-02,29572
2023-03,31360
2023-02,34185
2023-10,22407
2023-09,17612
2023-02,19693
2023-04,45782
2023-02,29300
2023-04,35884
2023-05,16264
2023-02,10053
2023-07,19192
2023-07,41158
2023-08,40242
2023-07,12079
2023-01,49252
2023-02,43854
2023-05,48752
2023-01,49799
2023-02,27422
2023-09,21159
2023-09,11556
2023-12,42199
2023-03,20109
2023-05,32012
2023-08,18280
2023-03,47238
2023-12,28317
2023-07,10709
2023-11,10824
2023-01,15841
2023-03,43417
2023-08,27065
2023-04,26808
2023-07,46558
2023-04,35824
2023-02,36144
2023-06,30976
2023-09,28458
2023-05,35450
2023-11,11762
2023-08,21571
2023-12,14340
2023-03,15271
2023-10,12799
2023-05,23351
2023-11,44940
2023-11,14521
2023-01,16787
2023-02,19154
2023-11,33051
2023-07,33358
2023-01,35606
2023-07,21335
2023-04,22588
2023-01,26271
2023-09,49814
2023-10,12524
2023-05,12241
2023-05,44286
2023-03,42895
2023-04,22292
2023-05,42789
2023-12,29537
2023-10,42029
2023-05,29240
2023-08,19863
2023-07,49372
2023-10,12238
2023-03,28965
2023-10,39585
2023-01,39334
2023-01,23568
2023-04,41261
2023-07,45720
2023-09,32450
2023-02,46618
2023-12,49771
2023-02,28177
2023-11,34842
2023-12,36068
2023-07,46755
2023-04,37843
2023-10,17741
2023-12,33427
2023-06,49354
2023-11,42344
2023-09,41964
2023-03,45320
2023-04,25744
2023-02,22955
2023-06,33182
2023-09,35293
2023-06,12146
2023-11,40953
2023-11,38015
2023-12,34909
2023-02,11880
2023-04,38365
2023-04,31351
2023-01,26865
2023-06,11126
2023-09,36490
2023-07,47345
2023-10,19998
2023-06,32649
2023-12,16626
2023-03,23171
2023-02,16731
2023-05,26676
2023-01,24850
2023-02,43991
2023-04,20971
2023-08,42449
2023-11,21559
2023-02,22312
2023-09,11579
2023-04,49315
2023-11,32045
2023-04,24471
2023-01,34101
2023-05,31040
2023-03,36712
2023-01,22714
2023-06,27045
2023-11,37656
2023-07,33609
2023-09,41844
2023-03,31349
2023-06,34950
2023-04,41778
2023-05,13490
2023-11,23805
2023-07,17189
2023-10,21462
2023-01,28958
2023-12,30171
2023-07,24005
2023-01,37288
2023-02,17319
2023-11,19550
2023-05,20829
2023-02,20561
2023-07,16286
2023-03,34009
2023-05,30385
2023-10,41401
2023-05,33241
2023-01,24675
2023-07,16100
2023-07,48014
2023-11,12202
2023-07,38571
2023-01,14664
2023-05,15789
2023-06,35919
2023-08,43111
2023-12,39108
2023-12,28963
2023-08,24376
2023-11,31175
2023-02,30830
2023-12,10161
2023-11,13117
2023-01,30407
2023-02,24118
2023-01,14412
2023-02,40203
2023-08,48674
2023-02,23098
2023-02,17749
2023-04,40512
2023-08,35772
2023-07,15442
2023-06,34259
2023-06,15892
2023-08,48167
2023-10,12806
2023-09,36997
2023-03,38274
2023-05,38135
2023-03,32425
2023-11,15756
2023-02,41367
2023-04,20644
2023-12,30540
2023-01,19016
2023-01,32416
2023-06,13390
2023-03,42359
2023-11,22876
2023-04,49082
2023-07,28364
2023-08,13518
2023-11,39143
2023-07,25700
2023-01,26910
2023-12,46683
2023-05,37456
2023-10,49061
2023-07,48096
2023-11,20374
2023-12,41805
2023-02,39530
2023-06,15370
2023-01,42016
2023-06,28076
2023-02,27243
2023-09,30007
2023-01,38800
2023-10,19138
2023-10,33211
2023-06,43099
2023-11,14250
2023-07,13823
2023-10,49055
2023-01,18638
2023-02,19518
2023-03,47291
2023-06,24747
2023-01,33200
2023-12,40471
2023-10,13012
2023-08,36286
2023-12,25756
2023-04,16360
2023-12,24883
2023-02,37725
2023-05,10095
2023-02,26112
2023-07,29471
2023-11,21126
2023-09,21460
2023-09,30723
2023-07,33649
2023-08,23882
2023-04,11907
2023-09,28828
2023-01,38027
2023-04,48948
2023-08,39146
2023-04,11567
2023-05,34155
2023-10,30021
2023-10,44554
2023-01,42773
2023-05,22577
2023-01,32410
2023-04,16563
2023-06,30168
2023-02,47804
2023-12,29603
2023-06,48498
2023-09,16469
2023-10,14601
2023-12,18486
2023-07,16192
2023-08,34039
2023-06,44935
2023-09,43305
2023-08,12592
2023-02,25797
2023-04,24838
2023-08,37222
2023-07,27644
2023-01,30578
2023-02,16990
2023-02,40556
2023-12,11704
2023-05,45994
2023-01,49310
2023-12,32832
2023-03,47670
2023-01,24701
2023-10,26989
2023-12,35010
2023-04,16016
2023-04,35112
2023-07,20586
2023-10,37660
2023-09,39474
2023-01,31049
2023-08,10781
2023-12,11698
2023-06,23469
2023-01,41420
2023-10,22927
2023-02,35290
2023-07,48549
2023-07,11600
2023-07,33082
2023-02,17345
2023-05,48074
2023-11,38895
2023-08,38862
2023-06,48689
2023-11,27847
2023-06,40718
2023-05,47695
2023-04,23148
2023-05,33989
2023-01,16661
2023-04,10596
2023-05,38422
2023-08,43813
2023-07,41545
2023-10,21016
2023-08,16496
2023-09,36719
2023-02,28156
2023-02,45104
2023-11,25862
2023-03,16003
2023-12,28678
2023-06,30868
2023-03,24667
2023-03,27892
2023-05,39700
2023-12,46623
2023-10,44781
2023-08,32635
2023-09,36632
2023-09,23241
2023-06,30986
2023-11,31766
2023-06,35305
2023-11,28840
2023-05,38882
2023-08,47510
2023-10,35549
2023-07,13669
2023-12,15356
2023-03,46688
2023-11,33764
2023-06,19888
2023-09,12081
2023-05,25327
2023-04,18952
2023-02,24289
2023-05,29420
2023-10,36361
2023-12,15330
2023-01,39762
2023-02,42734
2023-06,38189
2023-10,34444
2023-09,34628
2023-06,46394
2023-12,11488
2023-04,39342
2023-06,42397
2023-12,44414
2023-02,20683
2023-01,22836
2023-09,26800
2023-07,49133
2023-09,39640
2023-03,31471
2023-08,30234
2023-08,26354
2023-01,43378
2023-02,44996
2023-03,42066
2023-02,19228
2023-07,39087
2023-10,49305
2023-09,23236
2023-03,46921
2023-07,13159
2023-12,48014
2023-03,40028
2023-10,24006
2023-07,14302
2023-05,22565
2023-11,13569
2023-01,13228
2023-10,42640
2023-04,37419
2023-12,33496
2023-03,15498
2023-06,47968
2023-01,43290
2023-09,11746
2023-05,23931
2023-02,15169
2023-08,39381
2023-07,21447
2023-08,19508
2023-06,14544
2023-09,28695
2023-01,17338
2023-01,12129
2023-07,31209
2023-07,21875
2023-01,15128
2023-09,22248
2023-08,46119
2023-06,29329
2023-12,16497
2023-10,34989
2023-01,38330
2023-10,30414
2023-07,20299
2023-03,40534
2023-02,34176
2023-10,47752
2023-12,30696
2023-04,15065
2023-11,36750
2023-07,40864
2023-09,19311
2023-09,46574
2023-06,40597
2023-06,10172
2023-12,13355
2023-10,25077
2023-03,35934
2023-08,11508
2023-01,30124
2023-05,39544
2023-03,33973
2023-07,15981
2023-03,33508
2023-12,39050
2023-08,24861
2023-08,38265
2023-02,20723
2023-12,35977
2023-05,31665
2023-02,15934
2023-05,22634
2023-09,18166
2023-07,31588
2023-05,48893
2023-04,32842
2023-09,38672
2023-07,29571
2023-02,25078
2023-08,27737
2023-08,28374
2023-01,41092
2023-02,39867
2023-10,48670
2023-04,36889
2023-02,33966
2023-12,10952
2023-02,45308
2023-09,13565
2023-11,27720
2023-11,15756
2023-11,21490
2023-09,18778
2023-05,26873
2023-09,18791
2023-03,36960
2023-03,42469
2023-03,20574
2023-11,21619
2023-05,37993
2023-07,19658
2023-07,14331
2023-09,19183
2023-06,38537
2023-10,39482
2023-06,17542
2023-10,48094
2023-08,48556
2023-12,39407
2023-05,16191
2023-08,45386
2023-05,49412
2023-11,23960
2023-11,41481
2023-05,35936
2023-05,38542
2023-10,37805
2023-04,46459
2023-04,17705
2023-01,13951
2023-09,34880
2023-01,22035
2023-12,40809
2023-08,13385
2023-07,45131
2023-11,48392
2023-11,14051
2023-08,23552
2023-04,26874
2023-02,18532
2023-05,44207
2023-05,37356
2023-11,34585
2023-03,36983
2023-09,19446
2023-08,22726
2023-10,37470
2023-04,48481
2023-03,49807
2023-06,25784
2023-03,41512
2023-09,20243
2023-05,13169
2023-09,39442
2023-05,38352
2023-04,26277
2023-11,49271
2023-11,45947
2023-07,36221
2023-03,42076
2023-08,43636
2023-08,28319
2023-02,22822
2023-12,37759
2023-12,42001
2023-01,24149
2023-04,36370
2023-04,28807
2023-04,47449
2023-03,30122
2023-05,14362
2023-08,42673
2023-08,41842
2023-10,21688
2023-02,11735
2023-11,31642
2023-12,21575
2023-08,44388
2023-09,49329
2023-01,25879
2023-06,41069
2023-08,20701
2023-06,40378
2023-07,48423
2023-05,23132
2023-10,19317
2023-03,24815
2023-11,27400
2023-07,31895
2023-10,19090
2023-09,32376
2023-07,19164
2023-02,25767
2023-01,26258
2023-04,20600
2023-05,32170
2023-05,29349
2023-08,25921
2023-04,25884
2023-05,12431
2023-04,39775
2023-08,13871
2023-01,22859
2023-01,31438
2023-04,30956
2023-01,39364
2023-01,34427
2023-01,33150
2023-10,34627
2023-10,25551
2023-08,37992
2023-12,29615
2023-06,30166
2023-09,41616
2023-02,19530
2023-10,23529
2023-05,12765
2023-01,28099
2023-07,25752
2023-09,25821
2023-03,45446
2023-09,49438
2023-12,34778
2023-06,41477
2023-05,48507
2023-04,44412
2023-02,18429
2023-10,31105
2023-08,18323
2023-05,10233
2023-09,14331
2023-11,31287
2023-07,26511
2023-05,13726
2023-12,40425
2023-12,11675
2023-11,40095
2023-05,38093
2023-02,40140
2023-08,33524
2023-08,49361
2023-12,11740
2023-07,19877
2023-08,33062
2023-09,37861
2023-05,10332
2023-10,41799
2023-11,14757
2023-11,22869
2023-11,27635
2023-03,21309
2023-07,28080
2023-10,27252
2023-07,41502
2023-09,40444
2023-07,12393
2023-08,41054
2023-07,26732
2023-04,33432
2023-11,41692
2023-08,27284
2023-08,43756
2023-09,17065
2023-03,26367
2023-01,40997
2023-01,13238
2023-05,25553
2023-07,42900
2023-10,45886
2023-10,30068
2023-12,35793
2023-12,42830
2023-10,12789
2023-11,23565
2023-04,44721
2023-08,34524
2023-04,20117
2023-02,34185
2023-08,21690
2023-10,28707
2023-01,34576
2023-12,33828
2023-04,41237
2023-02,34222
2023-11,34207
2023-06,31727
2023-03,25716
2023-01,16529
2023-10,30090
2023-12,44290
2023-07,41999
2023-08,16111
2023-02,14690
2023-04,40769
2023-04,33229
2023-11,31950
2023-02,12198
2023-04,34728
2023-06,42883
2023-02,31562
2023-07,21332
2023-11,31608
2023-10,39673
2023-12,35786
2023-01,15538
2023-11,10874
2023-05,25082
2023-06,16405
2023-01,34043
2023-12,38183
2023-02,24209
2023-05,33886
2023-07,39350
2023-11,39762
2023-06,18170
2023-11,35441
2023-10,17274
2023-10,31159
2023-04,33411
2023-04,16691
2023-01,43314
2023-11,35094
2023-06,38904
2023-06,44749
2023-09,16032
2023-02,35164
2023-09,39918
2023-08,18283
2023-03,14658
2023-08,15173
2023-07,14636
2023-07,46189
2023-06,44804
2023-10,36459
2023-02,21776
2023-11,14628
2023-01,32344
2023-12,41635
2023-05,49862
2023-09,28698
2023-05,14303
2023-03,32938
2023-09,17033
2023-10,38994
2023-07,44127
2023-01,28544
2023-02,15527
2023-12,22482
2023-03,30737
2023-09,41376
2023-02,23272
2023-10,13530
2023-02,22033
2023-01,37968
2023-02,10917
2023-11,41135
2023-06,27779
2023-06,20070
2023-12,43688
2023-07,30648
2023-06,22084
2023-09,38378
2023-10,49948
2023-09,21675
2023-01,18947
2023-10,34794
2023-03,45679
2023-04,20941
2023-01,24918
2023-11,28231
2023-09,11788
2023-06,10118
2023-07,11960
2023-01,42569
2023-03,23003
2023-02,37073
2023-02,20291
2023-08,24974
2023-06,12844
2023-05,16649
2023-10,37784
2023-12,15660
2023-03,17690
2023-07,43860
2023-05,16821
2023-06,42068
2023-08,38006
2023-09,43573
2023-11,10135
2023-12,42474
2023-01,32611
2023-12,18979
2023-11,28547
2023-12,44629
2023-06,49773
2023-06,43414
2023-11,49876
2023-03,43790
2023-07,48108
2023-10,36836
2023-08,32040
2023-12,12031
2023-02,20119
2023-10,24130
2023-12,33795
2023-04,43148
2023-10,31733
2023-02,16815
2023-08,41929
2023-07,22475
2023-11,42701
2023-11,38542
2023-05,14844
2023-11,13216
2023-02,14530
2023-07,19014
2023-06,41086
2023-12,12905
2023-12,19517
2023-09,15553
2023-09,28025
2023-05,36442
2023-02,26681
2023-03,45514
2023-07,45047
2023-08,14134
2023-01,37847
2023-02,41356
2023-08,25835
2023-11,38699
2023-09,45955
2023-08,25626
2023-05,43248
2023-01,22875
2023-07,10727
2023-11,46301
2023-04,40532
2023-07,48944
2023-12,18408
2023-10,20922
2023-12,17905
2023-06,43770
2023-09,30468
2023-08,38008
2023-02,12314
2023-01,46794
2023-10,33515
2023-01,29300
2023-02,13965
2023-01,43355
2023-08,22861
2023-12,43702
2023-10,41549
2023-07,19030
2023-01,11366
2023-01,10258
2023-12,30277
2023-10,37537
2023-05,48091
2023-02,23277
2023-07,40537
2023-05,10929
2023-12,20593
2023-10,19763
2023-10,15401
2023-10,47633
2023-03,16411
2023-06,40104
2023-04,44132
2023-11,28745
2023-11,14087
2023-02,34330
2023-04,42779
2023-01,26900
2023-02,41545
2023-09,42700
2023-02,12034
2023-06,33443
2023-11,37453
2023-04,21923
2023-11,27729
2023-12,19830
2023-07,27705
2023-12,38887
2023-08,22456
2023-04,34865
2023-11,47048
2023-02,42388
2023-09,40856
2023-07,17688
2023-12,18019
2023-02,19318
2023-05,22902
2023-03,42259
2023-02,19749
2023-07,18303
2023-01,14859
2023-09,35060
2023-10,21345
2023-03,40166
2023-11,30700
2023-04,41068
2023-01,43641
2023-11,31693
2023-04,34957
2023-10,10931
2023-02,44834
2023-06,15809
2023-06,28157
2023-07,27763
2023-04,45304
2023-07,45454
2023-08,47726
2023-08,37331
2023-05,24088
2023-07,47891
2023-04,29611
2023-05,42783
2023-07,27027
2023-03,10126
2023-01,25711
2023-01,43302
2023-06,44128
2023-09,15902
2023-01,12701
2023-01,40148
2023-07,35165
2023-01,14291
2023-04,43378
2023-10,17694
2023-11,16958
2023-02,13307
2023-11,26812
2023-03,47814
2023-06,28723
2023-02,40867
2023-01,26697
2023-04,34854
2023-09,31257
2023-05,13284
2023-07,19615
2023-12,10897
2023-05,24534
2023-06,40081
2023-10,10833
2023-07,27407
2023-01,41815
2023-04,44839
2023-04,15453
2023-08,34219
2023-12,14272
2023-01,12197
2023-07,11024
2023-09,17354
2023-02,10403
2023-02,40241
2023-02,47413
2023-01,44631
2023-03,16881
2023-01,43890
2023-02,36119
2023-04,49727
2023-11,37303
2023-07,46652
2023-02,45741
2023-01,18531
2023-05,43171
2023-06,40738
2023-02,21340
2023-07,13470
2023-05,40177
2023-09,13061
2023-08,22125
2023-02,18638
2023-05,43784
2023-07,34482
2023-05,37135
2023-09,43198
2023-01,27967
2023-01,44511
2023-06,12845
2023-11,46617
2023-08,11801
2023-06,27874
2023-05,31427
2023-08,36367
2023-11,49466
2023-05,41613
2023-11,17803
2023-09,10783
2023-04,37992
2023-12,43295
2023-07,19685
2023-05,37216
2023-10,27713
2023-06,16117
2023-06,18090
2023-07,19812
2023-06,48345
2023-04,20687
2023-04,42011
2023-02,46238
2023-02,37017
2023-07,14132
2023-10,32155
2023-12,29363
2023-02,48938
2023-04,16010
2023-04,48279
2023-11,11748
2023-11,34764
2023-12,16767
2023-06,41503
2023-07,31339
2023-02,48919
2023-06,20414
2023-09,14183
2023-04,36189
2023-08,36369
2023-01,37221
2023-07,45650
2023-06,19917
2023-04,16976
2023-06,10905
2023-10,35350
2023-07,47719
2023-04,16441
2023-08,16755
2023-02,44772
2023-11,31783
2023-07,18652
2023-09,34775
2023-03,29124
2023-07,36222
2023-04,36947
2023-12,36931
2023-01,14588
2023-08,27128
2023-10,22935
2023-10,24595
2023-01,27686
2023-11,35584
2023-06,47249
2023-02,10455
2023-11,46399
2023-10,15890
2023-02,14056
2023-10,19564
2023-03,33904
2023-10,44575
2023-11,23216
2023-02,33083
2023-09,36015
2023-06,18627
2023-11,26044
2023-05,29806
2023-10,25840
2023-10,47344
2023-08,25420
2023-11,23504
2023-11,33544
2023-08,18278
2023-12,39497
2023-09,31192
2023-02,47365
2023-01,41799
2023-07,36187
2023-04,26321
2023-12,37754
2023-12,45324
2023-10,43875
2023-12,31403
2023-06,38264
2023-06,27791
2023-05,17591
2023-11,29888
2023-11,34728
2023-01,26586
2023-07,38491
2023-06,47689
2023-07,36210
2023-05,27773
2023-05,14492
2023-11,15534
2023-04,42404
2023-03,15873
2023-06,44641
2023-11,43320
2023-09,48963
2023-03,25946
2023-10,44619
2023-12,37964
2023-10,32453
2023-07,21657
2023-12,14650
2023-08,24596
2023-06,48483
2023-05,40500
2023-06,10303
2023-02,22453
2023-10,49838
2023-03,44772
2023-10,18228
2023-09,17049
2023-07,22025
2023-09,14686
2023-11,10426
2023-03,38425
2023-11,26398
2023-07,43282
2023-02,10607
2023-01,18899
2023-12,21287
2023-03,30938
2023-03,23113
2023-12,10301
2023-07,41746
2023-12,49108
2023-07,32754
2023-04,22259
2023-02,47244
2023-08,19671
2023-01,28628
2023-10,33848
2023-10,44444
2023-03,27578
2023-12,45149
2023-05,44528
2023-12,10577
2023-02,19801
2023-05,11760
2023-06,37442
2023-12,12221
2023-12,13012
2023-11,40235
2023-03,38616
2023-09,16053
2023-02,20490
2023-01,38502
2023-02,46116
2023-04,14776
2023-09,15512
2023-03,36628
2023-01,22742
2023-01,41369
2023-02,12797
2023-05,34754
2023-03,49041
2023-06,17763
2023-11,32234
2023-09,12721
2023-09,31120
2023-12,33839
2023-07,13117
2023-04,23268
2023-07,41629
2023-03,40147
2023-06,37553
2023-08,30247
2023-06,21381
2023-12,43866
2023-08,31777
2023-11,31700
2023-06,12395
2023-10,44406
2023-01,28864
2023-12,32370
2023-03,39332
2023-06,36864
2023-09,25842
2023-10,20885
2023-01,40712
2023-07,10142
2023-04,45507
2023-04,39889
2023-02,47351
2023-08,24829
2023-11,45627
2023-06,15299
2023-09,11201
2023-10,20785
2023-02,18177
2023-02,38892
2023-11,40906
2023-12,19359
2023-09,20438
2023-03,13413
2023-11,39401
2023-09,41824
2023-07,23306
2023-09,43214
2023-06,27775
2023-06,25934
2023-11,32401
2023-06,43472
2023-05,21663
2023-02,18503
2023-08,20763
2023-07,14340
2023-05,42111
2023-06,31540
2023-12,25450
2023-03,22888
2023-11,20564
2023-02,22868
2023-03,46201
2023-06,20764
2023-04,18777
2023-08,29474
2023-12,28625
2023-06,29060
2023-12,33229
2023-03,14980
2023-05,48750
2023-05,39242
2023-10,23922
2023-11,13420
2023-08,17167
2023-06,38957
2023-06,21228
2023-09,12955
2023-11,14800
2023-07,32942
2023-04,26595
2023-04,39836
2023-02,18764
2023-09,13356
2023-03,28374
2023-12,31765
2023-10,46242
2023-03,15927
2023-07,48747
2023-08,22600
2023-02,16783
2023-03,31255
2023-05,34619
2023-11,43662
2023-04,36872
2023-09,15494
2023-02,18932
2023-09,19702
2023-01,39470
2023-05,24318
2023-03,13738
2023-08,35409
2023-03,15822
2023-11,43062
2023-04,44807
2023-10,40243
2023-02,42089
2023-09,13102
2023-04,39922
2023-10,45552
2023-09,16565
2023-01,47326
2023-07,43625
2023-04,11381
2023-05,40817
2023-10,27866
2023-07,10985
2023-06,36442
2023-07,27520
2023-04,38839
2023-07,44317
2023-12,34257
2023-10,33363
2023-06,29951
2023-06,45212
2023-03,40566
2023-11,32101
2023-01,44868
2023-11,21735
2023-12,29937
2023-09,14307
2023-07,12863
2023-07,17476
2023-02,23054
2023-07,43753
2023-09,18569
2023-12,22587
2023-07,39809
2023-07,48359
2023-06,49352
2023-04,48363
2023-10,10344
2023-01,25093
2023-12,10250
2023-10,37519
2023-10,40885
2023-09,25162
2023-02,32913
2023-02,15586
2023-03,10143
2023-12,29107
2023-07,18105
2023-01,21150
2023-04,20537
2023-12,34194
2023-12,39720
2023-04,48026
2023-12,33908
2023-06,22175
2023-12,34375
2023-02,33809
2023-11,35022
2023-12,40424
2023-03,13921
2023-01,44623
2023-09,35157
2023-09,22301
2023-03,28484
2023-06,17302
2023-05,23753
2023-02,37137
2023-07,31269
2023-10,40395
2023-01,11056
2023-06,10642
2023-09,42090
2023-03,18477
2023-12,23566
2023-01,13177
2023-12,34296
2023-06,36140
2023-07,14721
2023-06,15278
2023-05,46009
2023-01,21577
2023-03,28357
2023-04,39329
2023-08,27489
2023-01,19454
2023-06,44488
2023-10,11780
2023-12,13456
2023-10,12798
2023-06,30654
2023-09,40137
2023-06,31786
2023-02,13441
2023-03,26438
2023-05,45240
2023-01,23006
2023-12,37190
2023-04,24480
2023-11,16750
2023-02,48886
2023-11,17272
2023-09,42544
2023-03,32007
2023-02,23358
2023-07,34866
2023-04,11429
2023-09,42266
2023-06,17061
2023-05,10039
2023-03,20561
2023-08,44207
2023-08,17173
2023-01,33938
2023-04,39184
2023-10,13956
2023-01,39650
2023-12,10353
2023-04,29596
2023-10,14700
2023-10,41689
2023-09,40864
2023-10,14359
2023-06,10287
2023-10,40292
2023-02,16746
2023-08,12939
2023-10,36929
2023-04,49260
2023-06,24350
2023-06,26687
2023-08,34418
2023-10,32024
2023-07,12459
2023-03,23001
2023-03,13637
2023-04,37248
2023-06,34424
2023-09,40950
2023-01,44806
2023-11,13933
2023-03,30594
2023-03,35449
2023-06,14187
2023-04,31028
2023-03,32409
2023-06,27798
2023-10,12718
2023-01,14293
2023-01,35127
2023-06,22135
2023-06,23326
2023-12,17410
2023-10,32124
2023-08,22424
2023-02,12918
2023-02,42207
2023-03,34063
2023-08,20621
2023-05,40609
2023-06,27226
2023-07,37247
2023-11,17054
2023-12,48545
2023-12,27043
2023-05,34998
2023-02,48257
2023-11,37895
2023-01,20089
2023-07,27253
2023-04,42984
2023-06,46670
2023-09,19122
2023-12,45883
2023-04,25762
2023-06,41849
2023-12,30074
2023-08,23840
2023-11,35326
2023-12,10062
2023-02,19183
2023-03,32141
2023-01,21241
2023-02,44047
2023-06,11780
2023-05,16587
2023-07,22588
2023-08,41178
2023-07,42600
2023-03,39147
2023-08,13923
2023-07,31887
2023-11,18234
2023-08,26786
2023-09,30313
2023-05,38057
2023-10,46995
2023-07,21906
2023-05,30711
2023-06,32661
2023-03,10015
2023-08,46414
2023-01,37199
2023-12,25447
2023-03,24133
2023-01,32213
2023-07,26263
2023-08,15863
2023-06,20478
2023-07,38515
2023-05,39637
2023-03,17536
2023-09,10452
2023-05,43137
2023-07,27423
2023-09,36812
2023-02,16640
2023-05,13969
2023-12,29949
2023-09,22149
2023-09,30514
2023-02,35828
2023-06,22475
2023-10,14901
2023-05,38110
2023-04,35769
2023-11,20482
2023-10,32513
2023-01,33059
2023-10,26213
2023-02,16156
2023-05,37849
2023-03,37733
2023-10,21296
2023-03,38885
2023-10,37442
2023-09,47952
2023-09,33175
2023-06,44616
2023-07,16984
2023-06,21943
2023-10,30675
2023-09,19364
2023-02,42966
2023-10,33411
2023-01,23077
2023-08,14120
2023-02,46876
2023-07,13270
2023-04,18654
2023-12,47230
2023-03,11123
2023-10,18269
2023-11,36624
2023-01,15313
2023-02,43768
2023-04,46275
2023-06,11641
2023-03,22858
2023-12,22128
2023-01,41018
2023-12,25961
2023-11,11579
2023-07,40330
2023-10,14674
2023-07,22642
2023-12,11708
2023-06,44463
2023-08,17039
2023-07,35616
2023-07,20878
2023-05,25658
2023-08,30596
2023-06,42232
2023-02,24110
2023-09,20683
2023-02,21888
2023-10,33662
2023-01,28617
2023-06,43802
2023-07,26727
2023-08,28406
2023-11,33233
2023-10,27457
2023-05,44210
2023-03,18104
2023-11,20830
2023-11,11195
2023-06,23712
2023-11,18673
2023-01,23747
2023-07,45968
2023-10,30618
2023-05,20169
2023-10,32938
2023-10,23572
2023-09,16271
2023-12,15848
2023-10,18888
2023-01,45484
2023-12,29435
2023-09,27064
2023-03,42293
2023-07,16026
2023-04,25555
2023-04,33417
2023-11,17935
2023-01,34206
2023-03,47518
2023-09,41646
2023-03,18306
2023-08,27023
2023-03,44826
2023-01,45018
2023-10,26941
2023-04,32103
2023-01,44359
2023-09,37018
2023-01,44179
2023-08,32333
2023-01,10284
2023-05,29818
2023-06,36019
2023-04,17216
2023-07,27505
2023-06,12675
2023-01,30006
2023-06,17313
2023-12,24507
2023-11,44889
2023-06,43525
2023-03,48862
2023-10,23594
2023-11,29808
2023-03,35654
2023-02,47098
2023-06,29997
2023-03,13096
2023-10,49817
2023-01,29402
2023-11,23167
2023-09,23228
2023-08,41613
2023-04,14022
2023-06,30315
2023-01,27323
2023-05,44901
2023-08,40706
2023-07,17124
2023-01,27552
2023-07,19343
2023-02,19316
2023-03,49063
2023-09,12139
2023-08,34066
2023-06,30566
2023-01,28575
2023-05,17305
2023-03,19192
2023-05,36642
2023-09,48502
2023-07,39773
2023-11,20819
2023-08,19368
2023-08,12819
2023-01,18296
2023-09,32159
2023-06,12171
2023-12,45545
2023-08,13246
2023-06,21270
2023-02,22984
2023-12,11541
2023-07,45493
2023-09,45643
2023-10,38488
2023-06,14057
2023-08,10844
2023-07,36906
2023-02,33921
2023-12,16982
2023-07,24809
2023-10,49201
2023-05,12346
2023-12,27242
2023-01,48706
2023-12,41795
2023-04,35180
2023-11,32188
2023-10,19962
2023-02,42798
2023-12,39508
2023-07,47952
2023-03,23117
2023-10,31371
2023-07,12100
2023-07,19112
2023-09,40569
2023-12,30370
2023-06,21555
2023-01,42777
2023-02,44578
2023-04,27841
2023-09,18878
2023-07,31896
2023-03,48861
2023-11,33817
2023-05,32066
2023-09,17464
2023-07,45014
2023-03,12504
2023-05,19498
2023-05,14898
2023-12,20061
2023-11,28418
2023-07,23735
2023-07,49023
2023-12,35392
2023-05,40842
2023-09,25437
2023-02,25187
2023-01,42552
2023-08,48165
2023-02,31092
2023-12,41811
2023-05,45252
2023-01,33809
2023-08,20658
2023-07,18875
2023-01,45316
2023-01,17429
2023-03,26641
2023-08,36551
2023-01,24907
2023-07,26290
2023-02,34705
2023-06,33123
2023-05,44581
2023-11,11622
2023-06,29587
2023-07,21969
2023-10,49546
2023-02,44002
2023-08,33994
2023-01,25582
2023-09,15984
2023-07,41710
2023-02,13793
2023-02,46776
2023-01,21431
2023-07,16392
2023-05,26348
2023-04,42434
2023-04,27787
2023-05,38577
2023-07,43377
2023-11,28332
2023-04,34948
2023-07,13453
2023-02,33791
2023-11,37503
2023-10,16038
2023-07,19109
2023-01,35369
2023-09,22994
2023-07,18541
2023-10,25224
2023-03,31393
2023-02,20692
2023-02,20046
2023-07,32279
2023-12,23661
2023-10,30097
2023-12,41933
2023-07,31591
2023-01,11930
2023-03,22565
2023-03,38048
2023-07,47188
2023-10,33676
2023-12,35985
2023-03,41524
2023-08,31094
2023-06,37180
2023-11,27467
2023-07,22304
2023-10,41556
2023-08,49109
2023-08,45837
2023-07,40577
2023-06,16239
2023-12,43797
2023-07,22417
2023-07,38803
2023-09,27707
2023-10,40896
2023-03,18364
2023-02,28350
2023-10,37940
2023-11,34807
2023-08,22135
2023-12,49566
2023-03,23696
2023-11,10364
2023-07,39657
2023-10,45174
2023-10,45543
2023-09,14685
2023-06,29998
2023-03,22929
2023-06,36826
2023-08,14307
2023-12,14980
2023-11,28706
2023-01,14112
2023-05,13649
2023-07,31253
2023-09,19491
2023-08,30619
2023-02,28423
2023-08,28872
2023-12,37271
2023-08,39799
2023-11,30838
2023-06,37347
2023-11,45447
2023-06,14093
2023-06,47239
2023-10,27362
2023-07,29918
2023-04,38190
2023-04,22946
2023-09,34391
2023-08,17666
2023-05,10562
2023-04,30434
2023-09,19938
2023-01,17806
2023-12,41431
2023-06,48800
2023-06,26074
2023-02,21734
2023-09,40152
2023-02,26121
2023-10,35798
2023-11,33267
2023-08,49557
2023-02,38291
2023-04,42901
2023-01,19092
2023-03,25614
2023-12,18191
2023-11,45500
2023-06,43415
2023-07,38491
2023-12,49091
2023-12,18623
2023-09,35297
2023-11,46338
2023-10,24890
2023-06,33848
2023-05,36242
2023-12,24528
2023-11,23130
2023-11,25919
2023-04,39714
2023-02,44445
2023-07,31538
2023-11,33126
2023-01,25731
2023-03,14551
2023-11,34746
2023-04,26762
2023-05,11241
2023-02,31869
2023-08,46847
2023-08,30922
2023-04,18910
2023-12,13709
2023-09,10194
2023-12,35821
2023-08,12573
2023-10,43900
2023-05,35691
2023-11,40515
2023-12,37338
2023-12,42794
2023-07,17831
2023-12,19752
2023-06,23024
2023-06,27196
2023-06,24107
2023-02,14516
2023-11,35842
2023-02,15717
2023-04,46694
2023-03,10439
2023-08,49656
2023-03,39017
2023-05,44168
2023-09,27609
2023-01,23470
2023-01,16961
2023-11,44354
2023-07,25152
2023-10,35287
2023-01,24989
2023-07,36214
2023-11,10052
2023-03,41638
2023-10,11207
2023-06,47655
2023-11,18078
2023-02,46694
2023-11,46197
2023-06,34139
2023-07,41971
2023-05,36827
2023-12,35523
2023-06,23181
2023-10,24045
2023-09,31426
2023-05,13590
2023-03,24303
2023-01,33249
2023-04,43336
2023-05,28049
2023-06,22232
2023-04,37107
2023-04,18090
2023-10,31624
2023-05,44118
2023-04,48093
2023-01,13703
2023-03,25005
2023-12,22208
2023-09,11306
2023-03,19888
2023-09,17246
2023-11,33938
2023-08,11147
2023-09,14851
2023-06,33369
2023-02,46031
2023-04,12585
2023-05,30057
2023-12,49594
2023-07,25514
2023-07,22626
2023-06,16507
2023-01,11893
2023-04,49422
2023-10,21194
2023-01,28486
2023-09,15000
2023-10,11421
2023-09,21480
2023-11,12429
2023-08,49035
2023-08,21103
2023-02,11039
2023-12,21983
2023-04,47556
2023-12,42750
2023-05,37181
2023-05,15549
2023-02,18543
2023-02,31864
2023-12,36899
2023-12,31083
2023-11,21329
2023-05,44554
2023-06,14694
2023-02,10327
2023-06,36696
2023-11,19687
2023-08,20474
2023-02,20758
2023-06,24564
2023-06,43484
2023-02,42036
2023-04,31489
2023-12,35418
2023-04,17994
2023-12,10418
2023-04,28453
2023-06,46019
2023-03,39537
2023-11,34477
2023-09,29111
2023-04,45030
2023-10,42651
2023-08,36223
2023-11,40273
2023-11,20325
2023-07,44240
2023-07,39552
2023-09,37571
2023-11,19507
2023-10,27875
2023-08,13012
2023-07,17629
2023-03,24146
2023-06,35851
2023-05,43496
2023-01,39185
2023-11,41303
2023-12,42199
2023-06,25812
2023-11,23859
2023-10,18157
2023-12,16504
2023-01,32510
2023-02,38620
2023-01,36839
2023-09,17300
2023-08,36721
2023-01,21367
2023-05,49512
2023-11,34168
2023-07,18778
2023-09,47957
2023-02,22853
2023-10,14184
2023-09,40365
2023-05,48490
2023-04,31995
2023-01,24699
2023-11,34511
2023-04,20409
2023-05,47932
2023-08,20695
2023-11,14154
2023-01,28698
2023-11,41393
2023-12,14078
2023-09,13367
2023-09,17434
2023-08,14449
2023-08,28716
2023-04,17417
2023-10,38917
2023-01,40869
2023-07,46049
2023-05,36552
2023-05,23781
2023-05,48847
2023-04,24830
2023-11,23801
2023-12,10722
2023-10,20467
2023-07,26045
2023-03,38555
2023-08,33392
2023-01,10373
2023-05,23459
2023-01,32099
2023-04,43707
2023-10,21335
2023-06,42035
2023-05,37929
2023-05,26073
2023-11,14398
2023-03,39680
2023-02,24379
2023-11,45342
2023-03,37860
2023-10,32477
2023-02,12321
2023-09,45618
2023-08,44755
2023-06,40341
2023-12,27035
2023-03,24194
2023-09,16303
2023-01,16613
2023-09,17462
2023-12,11773
2023-03,28502
2023-04,48539
2023-05,33113
2023-06,47627
2023-08,37886
2023-03,31532
2023-02,20596
2023-11,41943
2023-11,18930
2023-07,28471
2023-01,39729
2023-08,11270
2023-05,42597
2023-06,25611
2023-11,18122
2023-07,13276
2023-04,22810
2023-11,29745
2023-08,19901
2023-05,14337
2023-12,21706
2023-02,43106
2023-12,32852
2023-06,34085
2023-07,27337
2023-09,41004
2023-07,11843
2023-04,24785
2023-04,11896
2023-03,18020
2023-10,30284
2023-06,19411
2023-08,14782
2023-10,15521
2023-10,33765
2023-07,28668
2023-07,23034
2023-08,17979
2023-09,43118
2023-11,12595
2023-03,24056
2023-02,28029
2023-02,42671
2023-03,19709
2023-06,39645
2023-07,15418
2023-06,38321
2023-10,29859
2023-06,31577
2023-03,24279
2023-10,47974
2023-10,34878
2023-07,32636
2023-08,16693
2023-08,18758
2023-04,43952
2023-05,45102
2023-01,42275
2023-05,48560
2023-11,20713
2023-03,43636
2023-07,39338
2023-07,49914
2023-10,28496
2023-03,35867
2023-11,28458
2023-08,49059
2023-09,31946
2023-01,49772
2023-12,12640
2023-11,36442
2023-05,25076
2023-12,47727
2023-11,36542
2023-08,49697
2023-10,28225
2023-09,34617
2023-06,40629
2023-01,21306
2023-06,22057
2023-01,20753
2023-07,44126
2023-05,22324
2023-03,29566
2023-08,28230
2023-03,14226
2023-09,26875
2023-01,35983
2023-02,30136
2023-01,32594
2023-09,32812
2023-12,28444
2023-09,22675
2023-03,11942
2023-12,27629
2023-11,49052
2023-12,43789
2023-06,33082
2023-07,10444
2023-06,11970
2023-11,43293
2023-09,43650
2023-09,28881
2023-02,44782
2023-04,24578
2023-04,13577
2023-10,13295
2023-12,36164
2023-01,28817
2023-05,12668
2023-01,12799
2023-08,41073
2023-06,21044
2023-11,33577
2023-10,37806
2023-02,41962
2023-09,12890
2023-03,48787
2023-05,16843
2023-09,11208
2023-07,37269
2023-04,38567
2023-02,48058
2023-07,37899
2023-07,19000
2023-05,46609
2023-09,35767
2023-10,36696
2023-12,49256
2023-03,30215
2023-02,19225
2023-02,30546
2023-07,38679
2023-09,20518
2023-08,29291
2023-06,10315
2023-11,11455
2023-04,16679
2023-10,11767
2023-09,39015
2023-03,41791
2023-10,32550
2023-03,28722
2023-12,30311
2023-06,29717
2023-11,21531
2023-11,29743
2023-12,21153
2023-07,28400
2023-11,28334
2023-12,35337
2023-03,42525
2023-11,12796
2023-12,40772
2023-04,24066
2023-04,30275
2023-05,49543
2023-09,26446
2023-06,48903
2023-01,22775
2023-05,44148
2023-12,41723
2023-12,30261
2023-05,16874
2023-03,20126
2023-05,35092
2023-03,47310
2023-04,24252
2023-07,26445
2023-12,32929
2023-07,14794
2023-08,25310
2023-04,17630
2023-03,13911
2023-11,41590
2023-10,12228
2023-05,20682
2023-06,23200
2023-09,40310
2023-03,49090
2023-12,49201
2023-08,11227
2023-01,27387
2023-03,49001
2023-11,22672
2023-12,35122
2023-07,37450
2023-12,33663
2023-07,39133
2023-06,27578
2023-05,45081
2023-10,46096
2023-03,28906
2023-12,30488
2023-03,37142
2023-06,36305
2023-07,17780
2023-10,34388
2023-12,28527
2023-02,45429
2023-07,30433
2023-01,14142
2023-04,20879
2023-11,16395
2023-10,11973
2023-06,38351
2023-02,34621
2023-10,18353
2023-11,29640
2023-10,47375
2023-10,18118
2023-03,43668
2023-09,49779
2023-04,45054
2023-03,34371
2023-04,13310
2023-11,26728
2023-11,39308
2023-07,46115
2023-05,25757
2023-08,14322
2023-08,26762
2023-01,13199
2023-10,28084
2023-03,31558
2023-08,48584
2023-05,49092
2023-04,47353
2023-04,44800
2023-05,13224
2023-12,13949
2023-07,46976
2023-04,15257
2023-05,34167
2023-02,40001
2023-08,35296
2023-03,12808
2023-03,12404
2023-11,10284
2023-11,17186
2023-03,32005
2023-01,11724
2023-08,30277
2023-09,19472
2023-03,47283
2023-08,12612
2023-11,29758
2023-09,38939
2023-05,19810
2023-10,29134
2023-02,26942
2023-10,48409
2023-01,12678
2023-09,29127
2023-05,23189
2023-05,18571
2023-11,34095
2023-03,47179
2023-03,28470
2023-03,28466
2023-03,17788
2023-07,23693
2023-07,47325
2023-01,44050
2023-09,44051
2023-04,31031
2023-11,46007
2023-08,47051
2023-07,47691
2023-04,14957
2023-03,35091
2023-06,20177
2023-10,38660
2023-05,30607
2023-01,25616
2023-02,23442
2023-06,27924
2023-09,23124
2023-01,22492
2023-03,21117
2023-09,23203
2023-01,47835
2023-05,33159
2023-06,32816
2023-09,36917
2023-04,14675
2023-04,49644
2023-02,10834
2023-01,32099
2023-12,17009
2023-09,16684
2023-04,31341
2023-11,28382
2023-12,33322
2023-09,44891
2023-09,12640
2023-05,45184
2023-07,10409
2023-02,12367
2023-06,32885
2023-04,23099
2023-01,25753
2023-11,31750
2023-08,12414
2023-10,31864
2023-03,10813
2023-05,15244
2023-12,44451
2023-11,36999
2023-10,33511
2023-05,39298
2023-02,15012
2023-04,22358
2023-03,23161
2023-09,37686
2023-07,39606
2023-09,16589
2023-04,47301
2023-10,46102
2023-06,44136
2023-04,46744
2023-04,36978
2023-06,17139
2023-06,13705
2023-02,16823
2023-11,31134
2023-02,19377
2023-02,36257
2023-07,15470
2023-11,41116
2023-07,47360
2023-08,11272
2023-06,32532
2023-03,45436
2023-08,34366
2023-01,17828
2023-04,36517
2023-08,14261
2023-09,17820
2023-08,17907
2023-01,21472
2023-01,46232
2023-10,24477
2023-01,20936
2023-01,34013
2023-08,17980
2023-01,42035
2023-10,19753
2023-05,17428
2023-02,46153
2023-09,35112
2023-11,30014
2023-06,22956
2023-04,15608
2023-12,30671
2023-06,44801
2023-10,46323
2023-03,36185
2023-05,25488
2023-01,45595
2023-06,16263
2023-06,19897
2023-07,31243
2023-06,42619
2023-11,26889
2023-03,23959
2023-06,16497
2023-06,10789
2023-09,12365
2023-05,45923
2023-11,27472
2023-08,21446
2023-10,34051
2023-11,46567
2023-01,44363
2023-09,28964
2023-08,29062
2023-04,24703
2023-05,17736
2023-03,27909
2023-02,48583
2023-05,34173
2023-12,12532
2023-10,24187
2023-09,45216
2023-11,23818
2023-06,49719
2023-02,16710
2023-11,35750
2023-12,14451
2023-10,41330
2023-11,25002
2023-03,46928
2023-03,49943
2023-03,19914
2023-08,17232
2023-08,25752
2023-10,35917
2023-11,29450
2023-09,46379
2023-11,22641
2023-10,32323
2023-03,31401
2023-09,28685
2023-05,26731
2023-04,16454
2023-08,17280
2023-07,45634
2023-10,46853
2023-03,32838
2023-03,41268
2023-05,38530
2023-01,47436
2023-03,46666
2023-09,46104
2023-11,28257
2023-04,23335
2023-02,47896
2023-09,48022
2023-08,37658
2023-02,22575
2023-06,14852
2023-06,20891
2023-07,32494
2023-12,42159
2023-10,45749
2023-03,26224
2023-06,37951
2023-01,12339
2023-07,46894
2023-11,18742
2023-03,29214
2023-12,11206
2023-04,21320
2023-10,12507
2023-11,22627
2023-05,42974
2023-05,29465
2023-10,33081
2023-06,12106
2023-07,47593
2023-01,40021
2023-12,38814
2023-06,12157
2023-10,27943
2023-08,36588
2023-11,17988
2023-11,30208
2023-08,47214
2023-05,28804
2023-07,40088
2023-04,34390
2023-10,26098
2023-07,12121
2023-08,45176
2023-01,41435
2023-08,12195
2023-08,41413
2023-07,18530
2023-04,33138
2023-01,37193
2023-05,37155
2023-04,14299
2023-07,36963
2023-05,18764
2023-07,32956
2023-10,30687
2023-11,41632
2023-08,20312
2023-01,18427
2023-03,21882
2023-08,18294
2023-09,25122
2023-10,12764
2023-10,10716
2023-06,20909
2023-05,30562
2023-05,49354
2023-03,46317
2023-08,32436
2023-12,44178
2023-05,31471
2023-12,14618
2023-08,40785
2023-11,14635
2023-05,39495
2023-11,14876
2023-08,20166
2023-01,12866
2023-08,13413
2023-10,25774
2023-10,26945
2023-11,47552
2023-08,26997
2023-09,30808
2023-11,45370
2023-07,22069
2023-06,35862
2023-08,27167
2023-02,49500
2023-09,46751
2023-05,32615
2023-01,31569
2023-10,40534
2023-10,44197
2023-11,11994
2023-10,32993
2023-03,23859
2023-11,21411
2023-04,42381
2023-07,15945
2023-02,22985
2023-07,14677
2023-05,14724
2023-11,24175
2023-12,49590
2023-12,41068
2023-11,38289
2023-05,29773
2023-02,23946
2023-08,21983
2023-09,32595
2023-02,23914
2023-08,29541
2023-01,40149
2023-05,47545
2023-07,25734
2023-09,15643
2023-12,46283
2023-02,46179
2023-12,20479
2023-01,17820
2023-03,44128
2023-01,29366
2023-06,25633
2023-01,43360
2023-02,26695
2023-02,44689
2023-06,17898
2023-03,16737
2023-11,38650
2023-06,24967
2023-06,47883
2023-10,29329
2023-09,48187
2023-06,41250
2023-05,20182
2023-08,49756
2023-02,42153
2023-11,33137
2023-07,18722
2023-04,48714
2023-04,43457
2023-05,19361
2023-12,14804
2023-04,20737
2023-05,39664
2023-08,29949
2023-10,19803
2023-06,40556
2023-08,33234
2023-06,34123
2023-11,35760
2023-10,29602
2023-06,11188
2023-11,35911
2023-12,21099
2023-05,23374
2023-12,15904
2023-06,41245
2023-06,26044
2023-06,48079
2023-01,39457
2023-09,27443
2023-10,39532
2023-08,42744
2023-03,19018
2023-05,33943
2023-09,23817
2023-10,28897
2023-05,46123
2023-08,24793
2023-03,19370
2023-08,32174
2023-04,23724
2023-04,15516
2023-10,15093
2023-11,16251
2023-10,41356
2023-12,46228
2023-09,34786
2023-10,18911
2023-12,41142
2023-09,39467
2023-08,29622
2023-10,37174
2023-05,28708
2023-03,28443
2023-09,20411
2023-09,28756
2023-04,47758
2023-03,47416
2023-11,24621
2023-07,22716
2023-11,44459
2023-05,18419
2023-10,38238
2023-10,28807
2023-07,30326
2023-01,24427
2023-06,29969
2023-09,25140
2023-05,47951
2023-04,33060
2023-10,44847
2023-06,15312
2023-09,49808
2023-01,40566
2023-02,38769
2023-07,15050
2023-10,14198
2023-12,15992
2023-05,49552
2023-07,33697
2023-03,26736
2023-06,47883
2023-10,37072
2023-08,18370
2023-08,16009
2023-09,46620
2023-08,36377
2023-08,26501
2023-07,40486
2023-08,18778
2023-02,35758
2023-02,44360
2023-01,37594
2023-06,18071
2023-11,19345
2023-06,17096
2023-04,49944
2023-10,47433
2023-12,25110
2023-01,21246
2023-01,46674
2023-05,38914
2023-12,29016
2023-04,14965
2023-01,27295
2023-06,15112
2023-07,34583
2023-04,35209
2023-11,23203
2023-08,31369
2023-10,45573
2023-08,46992
2023-10,19694
2023-09,22267
2023-09,45339
2023-03,13833
2023-11,10358
2023-03,44028
2023-06,41122
2023-09,26585
2023-04,10459
2023-04,32788
2023-08,35240
2023-08,23803
2023-05,15593
2023-03,10275
2023-11,14989
2023-11,33056
2023-02,43776
2023-10,28137
2023-08,34206
2023-08,34734
2023-02,37397
2023-09,25905
2023-08,45266
2023-09,35741
2023-07,34948
2023-07,10471
2023-03,18228
2023-09,35381
2023-07,28496
2023-08,42225
2023-06,21141
2023-07,36145
2023-05,17860
2023-05,31027
2023-07,25533
2023-11,24887
2023-04,18185
2023-01,28415
2023-04,18233
2023-08,26310
2023-11,34925
2023-09,18801
2023-07,27971
2023-05,19111
2023-06,21473
2023-05,40074
2023-06,39914
2023-02,12806
2023-08,43417
2023-09,49523
2023-04,18439
2023-08,30362
2023-03,25264
2023-01,46957
2023-04,30684
2023-04,28627
2023-07,21829
2023-11,39392
2023-10,21934
2023-06,31018
2023-07,45925
2023-08,11132
2023-05,16449
2023-05,22366
2023-11,11054
2023-01,46164
2023-12,47631
2023-06,33391
2023-07,21592
2023-04,40012
2023-01,26777
2023-07,33025
2023-01,21864
2023-08,23909
2023-11,17861
2023-08,38855
2023-03,28859
2023-02,16313
2023-06,24573
2023-12,19732
2023-03,35496
2023-10,46974
2023-11,36378
2023-08,36543
2023-10,20572
2023-02,44472
2023-01,38286
2023-11,30572
2023-06,41283
2023-07,15602
2023-10,32436
2023-03,12089
2023-08,27924
2023-07,49146
2023-03,45482
2023-08,41425
2023-06,16321
2023-01,14203
2023-10,44972
2023-01,17992
2023-08,43767
2023-06,11178
2023-08,15142
2023-02,21143
2023-07,46097
2023-09,19769
2023-05,36992
2023-11,46347
2023-10,33433
2023-11,19553
2023-04,36894
2023-04,38289
2023-06,26036
2023-09,17712
2023-02,15322
2023-09,26797
2023-05,22269
2023-08,43377
2023-10,26466
2023-10,23537
2023-10,14822
2023-07,20470
2023-11,10193
2023-05,29010
2023-11,31527
2023-05,21864
2023-01,15517
2023-04,33331
2023-07,31162
2023-03,45735
2023-02,19127
2023-12,32965
2023-10,49819
2023-06,19990
2023-10,40069
2023-02,14058
2023-08,21080
2023-12,21891
2023-01,27514
2023-03,36459
2023-03,37620
2023-07,11500
2023-06,20972
2023-12,35321
2023-01,47101
2023-09,11865
2023-10,26544
2023-07,39471
2023-09,28258
2023-06,22931
2023-01,16958
2023-12,31722
2023-09,16213
2023-11,33756
2023-03,21300
2023-09,31541
2023-05,46000
2023-11,15285
2023-11,24600
2023-04,46533
2023-05,19182
2023-02,27317
2023-01,21266
2023-12,36968
2023-06,36923
2023-04,40428
2023-11,37960
2023-09,21795
2023-03,23368
2023-01,21321
2023-11,41131
2023-05,13215
2023-05,23410
2023-05,21603
2023-04,33594
2023-01,24068
2023-11,49106
2023-05,20611
2023-05,10332
2023-08,38944
2023-01,26323
2023-08,20299
2023-09,44598
2023-12,10713
2023-06,18795
2023-12,46647
2023-05,13759
2023-03,41805
2023-02,20722
2023-06,25863
2023-12,41224
2023-04,11007
2023-08,15393
2023-08,26274
2023-08,47089
2023-08,13134
2023-06,43502
2023-02,14031
2023-03,16051
2023-10,34409
2023-08,20675
2023-09,40713
2023-11,36387
2023-02,15804
2023-12,23432
2023-06,25107
2023-01,41635
2023-02,38315
2023-08,48534
2023-03,29848
2023-04,22913
2023-02,28862
2023-06,22491
2023-08,39873
2023-12,22736
2023-02,31995
2023-12,41366
2023-06,23303
2023-12,16021
2023-03,41705
2023-12,37061
2023-09,18170
2023-11,32313
2023-08,37527
2023-03,26999
2023-10,21610
2023-12,29997
2023-04,16565
2023-02,36456
2023-02,19870
2023-06,19610
2023-02,13851
2023-08,11382
2023-09,13175
2023-05,42656
2023-07,18046
2023-07,40471
2023-08,42721
2023-02,35098
2023-07,20147
2023-06,38343
2023-01,43600
2023-05,19239
2023-03,17241
2023-12,41520
2023-02,17149
2023-05,48803
2023-11,13063
2023-03,41493
2023-10,23025
2023-09,27260
2023-05,14921
2023-10,45250
2023-04,21584
2023-04,43156
2023-10,36383
2023-11,40253
2023-02,32573
2023-08,42467
2023-11,20814
2023-10,45564
2023-08,32947
2023-03,39252
2023-08,35964
2023-05,37258
2023-10,16801
2023-12,16271
2023-07,45700
2023-07,39167
2023-06,14647
2023-08,39269
2023-09,14751
2023-04,17390
2023-05,13607
2023-10,15927
2023-08,29043
2023-09,41970
2023-01,49902
2023-12,37249
2023-08,18537
2023-10,34594
2023-01,22672
2023-09,25358
2023-11,11287
2023-04,20094
2023-05,31233
2023-02,32022
2023-05,35233
2023-10,11615
2023-10,14596
2023-11,47202
2023-05,47838
2023-12,31033
2023-05,42507
2023-09,49314
2023-11,13488
2023-04,28256
2023-04,26129
2023-05,11795
2023-09,16824
2023-08,28377
2023-03,37357
2023-08,29321
2023-02,18976
2023-09,38035
2023-09,36747
2023-09,47539
2023-11,19661
2023-06,25077
2023-02,32503
2023-11,46210
2023-05,26588
2023-04,14782
2023-05,14609
2023-10,49113
2023-05,43569
2023-09,30050
2023-02,44586
2023-05,16839
2023-11,20353
2023-01,42587
2023-06,12253
2023-09,34342
2023-01,47907
2023-01,47848
2023-07,34477
2023-07,13197
2023-07,17325
2023-03,46212
2023-09,42982
2023-09,21430
2023-04,23626
2023-07,13847
2023-12,44190
2023-09,38118
2023-07,15963
2023-02,33938
2023-09,43559
2023-09,35216
2023-06,20734
2023-04,11979
2023-09,33575
2023-03,44908
2023-01,28578
2023-05,43525
2023-11,12329
2023-04,17965
2023-04,18437
2023-02,39110
2023-02,47658
2023-01,42451
2023-06,26041
2023-02,45349
2023-09,35601
2023-01,15750
2023-04,28013
2023-08,27028
2023-09,12145
2023-07,32295
2023-09,22176
2023-05,48639
2023-08,34370
2023-08,23561
2023-08,12420
2023-04,13702
2023-02,11685
2023-09,41361
2023-07,25315
2023-09,48356
2023-03,42002
2023-11,12546
2023-10,19055
2023-03,38284
2023-12,26522
2023-01,15041
2023-07,45760
2023-08,29819
2023-01,25984
2023-01,48511
2023-06,45408
2023-11,38502
2023-08,23475
2023-08,13320
2023-12,38480
2023-02,41821
2023-01,25651
2023-06,25761
2023-06,28046
2023-11,13811
2023-12,42305
2023-07,30306
2023-04,12129
2023-05,26206
2023-02,49357
2023-03,33984
2023-09,31508
2023-04,36767
2023-10,31528
2023-10,40410
2023-05,39447
2023-02,26235
2023-09,46374
2023-12,19581
2023-08,47147
2023-04,29975
2023-12,42134
2023-10,41221
2023-09,26171
2023-12,41892
2023-09,29851
2023-06,26938
2023-10,40202
2023-05,21054
2023-09,43675
2023-10,38057
2023-03,15377
2023-12,30654
2023-03,22288
2023-10,13154
2023-12,20891
2023-01,45500
2023-10,35990
2023-07,45463
2023-06,45559
2023-11,30380
2023-06,38615
2023-02,24369
2023-10,31073
2023-06,37984
2023-01,32842
2023-05,19978
2023-04,14139
2023-08,28301
2023-05,35267
2023-02,19081
2023-12,34275
2023-09,12677
2023-07,24929
2023-06,16427
2023-07,14241
2023-02,39742
2023-09,41016
2023-07,48827
2023-08,46164
2023-01,18857
2023-01,31585
2023-05,44794
2023-06,32897
2023-03,35712
2023-07,17308
2023-03,29498
2023-05,18749
2023-12,26357
2023-04,14000
2023-12,29668
2023-02,45065
2023-08,46759
2023-12,14884
2023-06,10621
2023-03,34491
2023-01,43345
2023-09,17428
2023-12,38991
2023-02,27711
2023-06,13054
2023-03,26637
2023-12,26217
2023-02,16507
2023-06,38093
2023-07,20778
2023-09,32144
2023-12,39300
2023-03,12123
2023-02,40378
2023-03,30579
2023-05,47456
2023-02,49348
2023-12,13977
2023-05,18213
2023-07,31357
2023-05,36279
2023-11,31765
2023-12,21631
2023-02,49318
2023-07,48700
2023-01,41100
2023-07,29530
2023-11,28714
2023-09,30580
2023-07,26122
2023-11,18097
2023-04,42740
2023-02,20665
2023-07,19979
2023-11,28256
2023-02,19208
2023-08,15931
2023-04,38519
2023-07,23734
2023-12,26741
2023-02,12560
2023-06,29134
2023-06,13176
2023-08,23337
2023-06,26515
2023-08,45840
2023-03,30712
2023-10,28607
2023-12,15768
2023-10,36698
2023-11,39176
2023-05,43974
2023-08,31460
2023-06,11925
2023-11,11233
2023-05,32387
2023-12,46229
2023-10,13518
2023-12,19118
2023-03,20498
2023-12,21060
2023-10,25287
2023-03,46457
2023-02,21194
2023-06,47214
2023-07,48500
2023-11,46457
2023-12,31439
2023-09,25089
2023-01,25858
2023-07,38976
2023-04,10187
2023-05,39139
2023-02,34721
2023-06,37053
2023-01,46463
2023-09,17970
2023-12,40147
2023-08,32113
2023-12,45371
2023-10,10443
2023-06,35653
2023-07,45991
2023-06,24716
2023-08,36754
2023-03,22482
2023-05,23715
2023-01,27613
2023-09,32829
2023-03,36546
2023-11,43796
2023-10,32860
2023-03,14393
2023-08,33962
2023-05,19486
2023-10,22485
2023-03,14703
2023-06,40942
2023-07,46097
2023-09,28237
2023-07,27968
2023-04,23444
2023-05,36130
2023-12,45508
2023-07,46206
2023-01,45177
2023-10,42025
2023-06,17511
2023-07,12746
2023-11,46415
2023-10,30133
2023-09,23377
2023-01,49353
2023-05,38069
2023-09,31780
2023-10,16075
2023-12,21359
2023-10,13915
2023-04,22978
2023-07,27796
2023-06,48709
2023-10,14244
2023-08,48054
2023-04,32059
2023-10,37566
2023-10,29373
2023-08,48822
2023-02,40117
2023-08,41588
2023-05,42279
2023-10,32559
2023-08,21406
2023-10,17510
2023-09,40861
2023-08,17699
2023-11,31205
2023-08,10661
2023-08,17271
2023-09,42675
2023-07,46047
2023-08,39459
2023-06,23128
2023-08,21749
2023-07,27810
2023-10,26654
2023-02,37686
2023-12,29103
2023-06,36192
2023-06,11613
2023-03,10511
2023-03,36768
2023-03,41940
2023-03,18476
2023-10,33683
2023-01,26341
2023-01,43028
2023-08,23188
2023-10,40920
2023-02,13831
2023-04,33714
2023-08,19218
2023-01,12487
2023-02,22101
2023-08,35234
2023-07,22100
2023-01,38787
2023-11,35163
2023-07,17871
2023-08,14152
2023-03,13929
2023-11,26689
2023-05,31512
2023-05,39323
2023-03,37771
2023-06,46343
2023-11,29558
2023-09,43860
2023-04,10433
2023-03,39588
2023-02,37568
2023-10,11579
2023-11,25416
2023-01,41999
2023-01,46262
2023-11,49085
2023-03,11432
2023-09,19936
2023-04,34385
2023-11,15249
2023-06,25759
2023-08,48686
2023-01,16136
2023-07,33506
2023-04,36104
2023-10,27603
2023-12,49406
2023-08,24842
2023-09,49577
2023-12,11897
2023-07,36287
2023-07,30043
2023-08,31967
2023-09,23100
2023-03,11927
2023-11,46709
2023-09,16004
2023-06,25694
2023-04,49814
2023-12,37645
2023-04,45924
2023-07,24991
2023-11,11100
2023-05,42643
2023-04,30557
2023-12,42264
2023-10,12653
2023-03,49235
2023-05,17294
2023-09,26380
2023-04,35569
2023-08,30010
2023-05,39791
2023-02,27061
2023-01,33833
2023-02,48081
2023-05,16295
2023-04,21119
2023-03,44678
2023-08,36270
2023-09,30059
2023-04,42054
2023-03,37645
2023-10,16527
2023-06,36657
2023-05,38467
2023-02,24890
2023-07,41430
2023-12,12006
2023-05,40889
2023-01,27421
2023-11,19622
2023-07,39100
2023-08,27909
2023-10,14984
2023-04,12660
2023-12,33911
2023-04,40651
2023-04,48293
2023-10,33468
2023-07,36070
2023-06,10959
2023-01,20602
2023-07,33134
2023-05,34967
2023-01,17757
2023-07,36244
2023-07,41851
2023-01,28592
2023-02,20661
2023-04,40832
2023-06,37558
2023-05,46354
2023-09,16283
2023-06,25500
2023-04,17825
2023-08,48170
2023-01,43520
2023-06,46172
2023-11,15867
2023-11,31444
2023-03,22834
2023-01,26150
2023-03,43974
2023-03,33473
2023-02,22907
2023-05,38284
2023-09,20740
2023-06,23406
2023-05,26902
2023-12,49103
2023-12,18746
2023-12,46540
2023-01,25957
2023-07,34043
2023-03,14107
2023-01,39768
2023-04,37938
2023-01,41299
2023-01,37901
2023-03,26981
2023-06,10029
2023-03,12268
2023-10,38683
2023-04,47861
2023-12,43245
2023-09,28272
2023-10,31315
2023-08,46794
2023-12,37236
2023-02,29308
2023-11,46506
2023-08,48120
2023-01,11884
2023-04,10783
2023-02,23610
2023-12,41871
2023-08,20323
2023-07,36614
2023-11,16488
2023-08,42672
2023-10,18897
2023-11,46475
2023-11,10676
2023-10,23042
2023-06,35511
2023-02,35805
2023-08,30146
2023-02,45569
2023-03,48267
2023-10,44424
2023-11,12603
2023-07,12831
2023-12,18178
2023-03,22280
2023-03,14670
2023-09,12623
2023-01,20828
2023-11,27483
2023-11,39852
2023-12,45912
2023-03,31220
2023-08,37266
2023-02,19652
2023-04,24514
2023-06,13876
2023-05,44042
2023-07,26345
2023-12,32732
2023-04,11606
2023-04,41528
2023-05,46757
2023-11,39214
2023-03,40378
2023-11,46121
2023-12,25248
2023-02,45741
2023-12,21211
2023-06,15994
2023-01,46446
2023-07,14967
2023-05,19170
2023-04,49014
2023-07,21063
2023-05,22752
2023-02,46936
2023-10,48895
2023-07,15817
2023-11,18866
2023-06,26871
2023-09,15943
2023-11,26167
2023-12,43144
2023-07,26884
2023-09,28876
2023-03,42574
2023-09,29492
2023-01,46283
2023-07,45691
2023-07,23998
2023-01,22176
2023-12,41675
2023-09,21169
2023-03,43259
2023-07,29827
2023-09,30376
2023-04,32063
2023-01,48078
2023-06,14037
2023-12,47713
2023-01,15358
2023-01,23116
2023-08,33057
2023-12,45544
2023-11,17295
2023-04,36224
2023-07,19418
2023-03,44618
2023-09,31172
2023-01,46842
2023-07,12720
2023-09,33230
2023-11,10758
2023-09,38392
2023-04,28991
2023-02,36692
2023-03,42514
2023-12,15266
2023-08,20067
2023-02,44981
2023-03,45518
2023-06,32516
2023-04,20124
2023-09,11706
2023-11,27576
2023-11,13916
2023-02,15623
2023-01,35848
2023-02,33834
2023-10,46791
2023-12,22263
2023-11,28489
2023-01,49554
2023-08,29330
2023-10,15842
2023-01,15957
2023-01,41928
2023-05,30024
2023-06,19277
2023-05,10323
2023-01,26395
2023-01,47897
2023-06,41511
2023-04,27629
2023-10,32763
2023-03,18943
2023-12,31007
2023-12,12331
2023-05,15994
2023-10,17387
2023-11,37752
2023-12,48444
2023-08,49926
2023-09,31173
2023-02,17596
2023-01,35725
2023-01,46310
2023-06,21935
2023-06,45600
2023-12,45885
2023-09,44031
2023-05,19473
2023-10,39374
2023-06,19623
2023-09,20813
2023-08,24084
2023-01,10372
2023-06,27947
2023-12,35901
2023-10,46698
2023-07,21848
2023-06,46122
2023-11,23424
2023-07,37819
2023-05,24965
2023-10,26695
2023-03,11358
2023-02,27086
2023-02,27022
2023-04,11983
2023-08,30759
2023-04,10460
2023-05,33601
2023-06,16332
2023-08,12505
2023-10,26132
2023-07,41860
2023-07,15687
2023-02,16299
2023-05,47879
2023-09,46325
2023-05,45832
2023-08,12813
2023-12,12498
2023-08,23611
2023-05,30682
2023-06,34380
2023-02,10049
2023-12,46177
2023-12,42540
2023-11,20294
2023-08,45670
2023-09,22234
2023-07,21987
2023-06,22875
2023-02,27917
2023-10,16890
2023-05,17201
2023-06,39908
2023-07,19976
2023-11,37337
2023-09,32503
2023-08,18993
2023-01,39369
2023-08,40792
2023-01,18193
2023-06,26108
2023-08,37212
2023-11,47813
2023-03,26014
2023-05,22451
2023-01,46204
2023-10,38729
2023-06,26050
2023-04,28336
2023-05,33873
2023-09,28700
2023-05,34795
2023-02,12284
2023-08,19500
2023-12,43342
2023-05,13397
2023-08,26693
2023-06,39270
2023-10,14875
2023-12,25727
2023-05,35682
2023-04,41797
2023-04,42532
2023-06,16913
2023-05,28267
2023-12,46842
2023-12,47103
2023-03,29284
2023-09,42702
2023-07,21397
2023-08,17160
2023-12,12527
2023-09,14647
2023-12,38947
2023-02,12540
2023-02,38556
2023-05,27474
2023-01,23368
2023-10,13634
2023-11,17719
2023-03,46767
2023-07,24525
2023-07,12057
2023-07,28165
2023-08,16726
2023-04,16218
2023-03,41715
2023-01,14470
2023-06,49456
2023-10,18652
2023-10,49782
2023-10,16582
2023-12,34885
2023-01,12807
2023-10,15951
2023-02,31983
2023-05,38671
2023-06,18044
2023-05,41462
2023-08,44086
2023-11,46008
2023-09,10808
2023-10,34679
2023-10,26048
2023-04,20291
2023-02,31632
2023-11,18755
2023-09,49539
2023-07,46257
2023-09,49355
2023-07,31607
2023-07,34807
2023-05,18793
2023-09,20614
2023-12,16446
2023-03,12734
2023-10,22242
2023-07,36652
2023-10,11270
2023-06,35642
2023-07,20880
2023-08,14511
2023-09,39328
2023-11,42929
2023-11,15112
2023-01,17131
2023-11,16898
2023-08,44338
2023-11,13179
2023-11,15174
2023-12,27396
2023-10,41692
2023-03,40531
2023-08,28292
2023-04,12589
2023-08,46005
2023-11,26533
2023-01,31099
2023-07,21030
2023-10,11786
2023-05,33294
2023-01,49543
2023-04,27850
2023-08,32899
2023-05,39188
2023-11,17910
2023-06,32447
2023-03,27005
2023-07,11662
2023-08,14376
2023-07,47530
2023-07,31699
2023-02,47267
2023-01,13045
2023-08,49445
2023-09,41704
2023-02,41425
2023-04,35930
2023-01,24549
2023-08,25018
2023-03,13379
2023-01,48549
2023-06,34259
2023-11,32949
2023-02,33918
2023-04,10030
2023-12,44129
2023-05,13796
2023-10,26793
2023-01,31875
2023-06,30057
2023-01,22010
2023-11,42044
2023-08,38407
2023-11,10889
2023-11,32041
2023-02,49802
2023-12,21472
2023-12,31472
2023-10,49370
2023-05,22711
2023-06,21904
2023-12,14508
2023-03,17702
2023-06,46405
2023-04,23566
2023-01,10758
2023-07,37422
2023-11,42091
2023-01,20155
2023-10,22451
2023-11,30023
2023-12,40838
2023-03,43554
2023-04,44442
2023-03,19106
2023-08,31808
2023-08,39861
2023-06,35419
2023-12,20512
2023-07,16657
2023-02,11884
2023-11,19540
2023-01,35319
2023-03,27469
2023-10,34313
2023-12,43508
2023-01,34216
2023-06,13573
2023-03,35777
2023-06,25619
2023-11,17666
2023-08,32674
2023-10,39412
2023-09,42260
2023-01,43101
2023-02,33755
2023-04,44098
2023-01,15938
2023-10,46759
2023-06,18506
2023-06,41038
2023-04,40060
2023-08,32390
2023-05,17093
2023-09,26806
2023-12,38135
2023-05,24925
2023-03,16806
2023-10,18895
2023-01,40193
2023-04,46459
2023-10,31962
2023-05,10067
2023-04,35912
2023-02,10442
2023-10,24636
2023-12,19249
2023-05,20577
2023-05,33170
2023-09,10327
2023-04,25934
2023-05,39736
2023-10,42994
2023-02,31383
2023-12,47068
2023-03,30092
2023-11,31618
2023-12,39745
2023-01,48734
2023-10,11689
2023-11,36349
2023-03,41031
2023-11,27496
2023-10,22350
2023-08,32089
2023-03,25797
2023-02,23883
2023-04,26625
2023-05,39686
2023-09,37400
2023-02,33180
2023-07,17561
2023-12,30466
2023-10,23419
2023-09,49356
2023-01,48804
2023-10,15854
2023-06,15564
2023-03,22310
2023-01,16760
2023-04,29280
2023-07,47842
2023-01,46156
2023-08,26772
2023-09,34139
2023-02,10508
2023-06,41121
2023-04,10793
2023-08,14256
2023-01,25864
2023-01,32584
2023-07,44944
2023-10,10293
2023-10,36695
2023-10,19187
2023-04,19331
2023-02,18849
2023-11,42824
2023-11,25229
2023-11,16908
2023-05,44175
2023-05,34344
2023-03,23018
2023-07,20232
2023-09,13515
2023-05,28746
2023-07,45098
2023-06,11186
2023-05,32331
2023-11,18343
2023-02,24093
2023-02,36423
2023-01,24022
2023-12,28821
2023-03,32846
2023-06,23762
2023-07,25110
2023-09,44677
2023-07,23580
2023-08,18345
2023-05,11792
2023-06,12005
2023-12,20841
2023-03,48516
2023-02,22528
2023-09,49565
2023-04,42471
2023-10,40312
2023-04,40607
2023-08,14808
2023-10,38918
2023-02,17037
2023-07,42852
2023-05,46427
2023-12,26432
2023-06,14417
2023-10,44233
2023-03,25221
2023-12,28690
2023-01,43612
2023-11,40293
2023-06,35870
2023-07,30182
2023-09,10809
2023-02,49498
2023-10,47849
2023-11,23334
2023-01,36194
2023-03,19565
2023-09,26957
2023-05,40402
2023-11,32150
2023-05,33379
2023-08,27841
2023-01,39520
2023-09,29077
2023-07,44945
2023-06,24881
2023-12,24621
2023-02,40543
2023-08,38435
2023-02,23889
2023-03,38647
2023-12,37795
2023-11,16435
2023-09,11077
2023-11,23734
2023-11,19780
2023-01,34316
2023-01,18226
2023-08,27398
2023-01,26330
2023-06,20895
2023-02,49701
2023-10,39921
2023-03,24092
2023-03,13918
2023-01,29810
2023-09,13550
2023-04,49819
2023-11,28823
2023-11,38230
2023-11,15391
2023-04,10774
2023-04,14014
2023-02,27894
2023-11,15164
2023-09,29902
2023-03,17939
2023-12,24754
2023-04,18106
2023-12,14740
2023-04,11198
2023-11,10884
2023-02,33772
2023-09,46706
2023-10,10499
2023-05,47904
2023-04,47492
2023-10,24398
2023-05,30624
2023-09,28346
2023-05,44260
2023-12,47047
2023-05,28456
2023-07,44215
2023-03,33605
2023-04,20915
2023-07,18099
2023-04,38539
2023-11,20906
2023-02,16441
2023-04,48764
2023-04,29895
2023-04,19680
2023-01,26204
2023-06,49623
2023-04,22678
2023-04,48837
2023-05,41667
