AÃ±o,Estudiantes Matriculados
2024,1019
2021,1280
2024,1279
2021,1302
2022,1977
2023,1044
2024,1609
2020,1192
2022,1118
2022,1587
2023,1685
2024,1360
2021,1659
2023,1483
2020,1774
2023,1484
2024,1092
2020,1104
2024,1875
2024,1292
2020,1128
2023,1562
2021,1891
2023,1966
2024,1143
2022,1126
2024,1141
2020,1521
2020,1178
2020,1786
2023,1794
2023,1942
2020,1660
2022,1958
2024,1803
2021,1263
2024,1093
2020,1400
2020,1657
2023,1045
2023,1778
2020,1556
2020,1853
2020,1914
2020,1907
2024,1311
2024,1835
2023,1187
2020,1631
2023,1858
2020,1722
2022,1744
2022,1805
2024,1345
2024,1539
2023,1171
2022,1193
2020,1040
2022,1477
2020,1672
2021,1115
2020,1389
2023,1593
2020,1680
2024,1759
2022,1764
2023,1232
2021,1530
2020,1706
2023,1384
2024,1402
2024,1401
2024,1491
2021,1341
2021,1120
2024,1540
2024,1002
2024,1814
2020,1675
2023,1503
2021,1161
2020,1552
2020,1914
2023,1865
2024,1069
2021,1837
2024,1578
2021,1862
2024,1376
2024,1629
2022,1213
2022,1359
2021,1568
2020,1583
2023,1275
2024,1299
2024,1152
2020,1488
2020,1418
2022,1402
2022,1426
2021,1921
2020,1225
2023,1969
2024,1144
2024,1035
2023,1290
2020,1326
2021,1058
2022,1505
2021,1428
2023,1734
2021,1378
2024,1366
2023,1997
2021,1891
2024,1346
2024,1678
2024,1286
2020,1245
2023,1274
2021,1947
2020,1205
2023,1652
2022,1626
2021,1603
2021,1384
2020,1191
2024,1852
2023,1286
2023,1867
2022,1234
2020,1735
2022,1107
2022,1556
2020,1564
2024,1835
2024,1702
2024,1372
2022,1765
2020,1490
2024,1893
2023,1528
2023,1830
2022,1298
2024,1976
2022,1682
2022,1573
2024,1024
2023,1970
2022,1353
2024,1548
2023,1830
2024,1125
2023,1770
2020,1023
2024,1641
2024,1424
2024,1371
2022,1631
2021,1836
2020,1558
2022,1219
2024,1006
2022,1315
2020,1808
2022,1089
2023,1785
2023,1119
2023,1875
2020,1127
2021,1432
2020,1390
2021,1601
2024,1840
2024,1135
2022,1499
2020,1999
2020,1978
2022,1136
2022,1122
2023,1582
2020,1744
2023,1793
2021,1150
2020,1352
2023,1702
2021,1161
2023,1153
2021,1178
2022,1162
2021,1362
2020,1705
2022,1976
2020,1088
2020,1334
2020,1764
2021,1765
2021,1216
2020,1509
2022,1956
2020,1344
2022,1992
2022,1162
2022,1524
2024,1883
2023,1728
2021,1372
2024,1801
2022,1332
2021,1025
2024,1139
2023,1141
2024,1093
2022,1588
2020,1208
2024,1234
2024,1564
2023,1775
2024,1941
2024,1094
2023,1528
2022,1169
2024,1581
2021,1606
2021,1441
2022,1661
2020,1227
2020,1820
2022,1050
2023,1908
2022,1937
2022,1582
2021,1447
2020,1498
2021,1167
2021,1259
2022,1730
2021,1999
2022,1364
2021,1205
2024,1119
2024,1965
2021,1031
2020,1106
2021,1247
2022,1424
2022,1972
2021,1812
2021,1662
2021,1829
2023,1183
2020,1678
2024,1743
2023,1594
2022,1577
2024,1758
2024,1374
2024,1475
2021,1045
2023,1154
2022,1057
2023,1535
2022,1891
2021,1231
2020,1903
2020,1787
2021,1613
2021,1639
2024,1437
2024,1960
2023,1709
2020,1821
2022,1358
2022,1623
2021,1135
2022,1681
2020,1603
2024,1318
2022,1348
2023,1100
2022,1075
2020,1713
2020,1728
2021,1546
2024,1176
2021,1444
2022,1839
2023,1276
2022,1783
2020,1590
2024,1627
2024,1764
2024,1709
2021,1089
2021,1756
2023,1629
2020,1002
2022,1201
2021,1939
2023,1450
2023,1881
2022,1421
2023,1682
2021,1000
2024,1448
2023,1793
2020,1668
2024,1619
2020,1180
2022,1209
2023,1670
2020,1777
2020,1982
2023,1325
2021,1794
2021,1307
2020,1581
2021,1757
2023,1231
2024,1112
2023,1370
2023,1296
2020,1584
2023,1933
2024,1966
2024,1899
2021,1281
2023,1572
2022,1392
2023,1559
2024,1593
2023,1642
2020,1494
2023,1480
2022,1505
2020,1111
2023,1129
2020,1134
2021,1962
2024,1582
2020,1525
2020,1167
2024,1887
2021,1019
2022,1450
2023,1752
2022,1883
2023,1021
2024,1474
2020,1248
2024,1454
2022,1185
2023,1574
2020,1441
2022,1743
2021,1493
2020,1015
2024,1006
2020,1604
2024,1753
2020,1811
2023,1871
2021,1549
2022,1523
2022,1002
2024,1154
2023,1871
2024,1849
2022,1497
2023,1039
2020,1404
2021,1564
2020,1829
2022,1099
2023,1095
2024,1513
2020,1561
2021,1629
2023,1886
2020,1315
2021,1551
2023,1526
2023,1865
2024,1327
2022,1750
2020,1641
2024,1981
2022,1074
2022,1920
2020,1205
2021,1015
2024,1607
2021,1831
2021,1769
2020,1975
2022,1295
2022,1466
2024,1757
2024,1270
2022,1434
2021,1975
2023,1339
2021,1215
2020,1764
2021,1216
2024,1316
2021,1462
2024,1600
2021,1024
2020,1273
2021,1856
2020,1902
2023,1669
2024,1073
2021,1640
2024,1738
2023,1463
2020,1286
2023,1944
2020,1344
2022,1016
2022,1269
2021,1629
2024,1787
2020,1375
2024,1364
2020,1819
2023,1061
2021,1055
2024,1436
2024,1868
2020,1074
2024,1065
2022,1651
2020,1153
2023,1654
2020,1937
2024,1966
2020,1329
2023,1430
2021,1030
2020,1976
2020,1851
2021,1993
2022,1375
2023,1250
2021,1781
2022,1875
2024,1574
2020,1694
2022,1382
2024,1508
2023,1931
2023,1028
2022,1293
2020,1352
2024,1016
2022,1835
2020,1655
2020,1838
2022,1586
2023,1401
2023,1904
2020,1049
2022,1357
2021,1627
2021,1122
2024,1892
2020,1169
2020,1807
2024,1769
2023,1700
2022,1402
2023,1864
2021,1122
2023,1989
2022,1674
2020,1140
2022,1206
2020,1946
2024,1868
2021,1665
2023,1851
2022,1451
2021,1962
2022,1595
2024,1916
2021,1846
2022,1895
2020,1575
2020,1133
2024,1298
2021,1108
2023,1052
2024,1888
2023,1799
2021,1718
2020,1886
2021,1670
2021,1963
2022,1440
2023,1636
2021,1693
2023,1243
2024,1929
2023,1611
2022,1489
2021,1060
2020,1171
2020,1734
2023,1772
2024,1228
2022,1772
2020,1629
2024,1031
2023,1900
2024,1118
2020,1717
2021,1864
2022,1942
2022,1917
2024,1601
2022,1123
2020,1374
2021,1240
2023,1217
2021,1415
2020,1322
2023,1184
2024,1328
2022,1310
2022,1047
2021,1080
2021,1347
2024,1973
2022,1259
2020,1291
2021,1024
2022,1739
2022,1973
2024,1470
2020,1702
2021,1646
2021,1829
2024,1848
2024,1077
2024,1351
2024,1858
2024,1751
2020,1187
2024,1905
2022,1018
2022,1161
2022,1595
2021,1607
2024,1880
2023,1174
2023,1661
2022,1889
2020,1634
2023,1140
2024,1972
2022,1787
2022,1357
2020,1296
2023,1459
2023,1429
2022,1214
2020,1004
2021,1195
2021,1558
2020,1532
2024,1751
2022,1820
2021,1284
2024,1086
2024,1513
2023,1244
2022,1504
2023,1025
2024,1465
2022,1724
2024,1244
2020,1363
2024,1672
2020,1858
2024,1546
2023,1787
2023,1313
2023,1708
2021,1225
2023,1439
2024,1813
2021,1623
2024,1014
2024,1956
2024,1082
2020,1871
2024,1489
2024,1409
2023,1008
2022,1239
2024,1479
2021,1553
2024,1916
2021,1037
2023,1409
2022,1500
2024,1278
2023,1987
2022,1518
2020,1176
2020,1313
2023,1559
2023,1772
2021,1845
2022,1096
2024,1364
2023,1853
2023,1181
2022,1104
2020,1905
2021,1022
2023,1691
2021,1890
2024,1676
2021,1477
2022,1373
2022,1560
2023,1507
2024,1662
2021,1088
2022,1367
2022,1723
2021,1250
2024,1473
2024,1077
2021,1312
2020,1431
2021,1046
2023,1474
2021,1345
2023,1019
2020,1374
2021,1536
2022,1077
2023,1409
2021,1115
2021,1528
2020,1926
2023,1787
2021,1069
2023,1898
2023,1944
2021,1494
2021,1039
2023,1340
2023,1405
2024,1048
2021,1288
2021,1149
2021,1621
2021,1558
2021,1690
2021,1259
2024,1738
2020,1228
2020,1766
2021,1388
2021,1978
2024,1128
2020,1527
2022,1146
2020,1366
2022,1350
2020,1026
2023,1502
2020,1289
2020,1140
2020,1000
2022,1388
2024,1896
2021,1705
2020,1457
2023,1370
2022,1988
2020,1914
2024,1853
2022,1171
2023,1529
2024,1655
2024,1624
2024,1803
2021,1042
2021,1919
2021,1628
2021,1150
2023,1787
2022,1733
2024,1625
2022,1183
2022,1487
2022,1094
2023,1055
2021,1913
2020,1295
2024,1120
2022,1966
2023,1601
2020,1208
2021,1091
2023,1261
2020,1662
2022,1880
2023,1578
2023,1189
2023,1450
2024,1882
2021,1250
2022,1940
2024,1005
2022,1897
2020,1096
2020,1077
2023,1376
2023,1686
2022,1243
2020,1288
2020,1856
2023,1403
2024,1075
2022,1766
2023,1695
2020,1263
2022,1993
2021,1540
2024,1734
2023,1299
2021,1893
2023,1650
2023,1324
2021,1552
2023,1460
2023,1029
2020,1708
2020,1819
2020,1272
2020,1682
2021,1550
2021,1286
2024,1978
2024,1236
2020,1375
2022,1628
2023,1926
2022,1099
2020,1573
2021,1568
2020,1949
2022,1941
2021,1291
2020,1229
2022,1045
2022,1151
2023,1404
2023,1071
2024,1419
2022,1804
2021,1178
2021,1050
2020,1679
2023,1270
2020,1483
2021,1508
2023,1349
2020,1131
2020,1363
2022,1778
2020,1062
2020,1903
2022,1211
2024,1779
2020,1432
2021,1514
2020,1663
2024,1038
2023,1883
2024,1732
2020,1419
2021,1432
2023,1854
2024,1397
2020,1539
2024,1293
2023,1667
2021,1748
2021,1861
2022,1175
2024,1159
2021,1691
2020,1978
2023,1725
2020,1238
2020,1387
2023,1214
2024,1190
2022,1248
2022,1005
2024,1672
2022,1443
2023,1906
2024,1456
2021,1400
2020,1038
2024,1776
2022,1429
2024,1995
2022,1171
2024,1397
2020,1976
2022,1888
2023,1933
2020,1382
2020,1643
2022,1548
2020,1572
2021,1258
2022,1320
2023,1193
2022,1812
2024,1047
2024,1274
2023,1612
2020,1091
2021,1951
2021,1807
2021,1193
2020,1051
2020,1573
2022,1732
2020,1400
2023,1389
2024,1656
2024,1774
2022,1141
2022,1456
2021,1251
2021,1394
2023,1810
2022,1895
2021,1450
2022,1859
2022,1236
2021,1969
2020,1251
2022,1460
2022,1140
2020,1318
2024,1528
2020,1777
2022,1956
2023,1687
2022,1712
2022,1513
2022,1888
2024,1394
2023,1063
2020,1860
2023,1397
2021,1157
2020,1881
2021,1928
2021,1243
2023,1361
2020,1662
2023,1832
2022,1415
2023,1236
2022,1567
2020,1768
2023,1204
2021,1655
2023,1373
2020,1853
2022,1464
2022,1143
2022,1801
2022,1813
2022,1615
2021,1967
2022,1218
2023,1249
2023,1419
2022,1740
2020,1532
2024,1392
2023,1051
2022,1483
2021,1288
2023,1030
2024,1970
2024,1757
2022,1489
2024,1565
2024,1133
2021,1242
2020,1718
2023,1595
2022,1652
2022,1951
2023,1868
2022,1898
2023,1628
2020,1541
2020,1989
2022,1852
2021,1217
2021,1192
2022,1947
2023,1863
2021,1432
2022,1909
2024,1207
2023,1024
2022,1492
2024,1148
2024,1238
2024,1653
2021,1012
2024,1263
2020,1460
2021,1419
2022,1164
2024,1285
2021,1047
2024,1304
2022,1225
2024,1794
2023,1990
2023,1204
2023,1892
2023,1502
2024,1201
2022,1747
2023,1914
2024,1938
2022,1826
2023,1494
2023,1261
2022,1920
2024,1013
2024,1816
2020,1144
2021,1755
2022,1301
2024,1961
2023,1977
2022,1584
2021,1408
2020,1141
2022,1628
2022,1111
2022,1375
2024,1951
2024,1482
2024,1492
2020,1082
2022,1419
2023,1464
2023,1075
2021,1533
2022,1896
2024,1240
2021,1848
2021,1336
2022,1247
2023,1110
2022,1325
2022,1175
2022,1294
2023,1728
2023,1643
2021,1166
2023,1213
2024,1765
2024,1289
2022,1113
2020,1525
2023,1207
2021,1415
2022,1906
2024,1962
2024,1238
2020,1224
2020,1644
2022,1221
2020,1332
2020,1622
2021,1105
2023,1961
2024,1495
2022,1659
2024,1608
2020,1104
2020,1475
2020,1063
2023,1783
2021,1824
2021,1486
2024,1032
2023,1822
2023,1192
2021,1306
2020,1486
2020,1735
2024,1223
2021,1132
2023,1008
2021,1200
2022,1122
2022,1221
2022,1920
2020,1146
2020,1128
2024,1981
2024,1918
2023,1377
2021,1534
2020,1234
2021,1293
2024,1620
2020,1319
2023,1055
2020,1739
2024,1767
2023,1446
2024,1630
2022,1170
2023,1022
2024,1525
2020,1091
2023,1103
2020,1671
2022,1284
2021,1842
2021,1692
2021,1616
2023,1533
2024,1807
2023,1965
2023,1905
2020,1886
2020,1635
2022,1952
2022,1325
2024,1650
2021,1765
2020,1381
2022,1531
2024,1174
2022,1166
2020,1916
2024,1714
2020,1307
2021,1856
2020,1584
2022,1921
2020,1945
2023,1653
2024,1356
2022,1464
2023,1012
2024,1246
2022,1021
2021,1692
2020,1327
2024,1735
2020,1949
2022,1386
2024,1490
2024,1186
2024,1053
2023,1447
2022,1457
2024,1319
2023,1382
2021,1899
2020,1430
2020,1910
2023,1370
2020,1650
2024,1079
2023,1705
2020,1763
2022,1546
2022,1061
2020,1456
2020,1411
2023,1984
2020,1672
2022,1135
2022,1229
2023,1425
2020,1222
2020,1610
2024,1551
2022,1716
2024,1298
2023,1486
2021,1481
2022,1095
2024,1720
2020,1027
2023,1303
2023,1969
2024,1010
2020,1977
2021,1718
2021,1680
2022,1117
2020,1201
2022,1849
2020,1180
2024,1703
2021,1995
2020,1431
2022,1694
2020,1784
2023,1338
2024,1450
2020,1745
2022,1223
2021,1298
2020,1321
2024,1764
2021,1461
2022,1154
2024,1301
2023,1862
2022,1907
2024,1125
2023,1242
2021,1488
2021,1717
2021,1251
2023,1382
2022,1175
2020,1351
2021,1506
2020,1189
2021,1900
2023,1079
2020,1612
2020,1522
2022,1907
2024,1648
2024,1408
2021,1902
2021,1070
2020,1100
2023,1911
2021,1633
2024,1756
2021,1842
2023,1013
2020,1422
2021,1294
2023,1326
2023,1445
2021,1754
2023,1997
2024,1901
2020,1801
2021,1135
2021,1964
2024,1407
2024,1834
2021,1448
2020,1599
2020,1579
2024,1631
2020,1533
2022,1734
2023,1576
2024,1110
2023,1147
2021,1625
2022,1740
2020,1877
2024,1382
2024,1680
2022,1612
2023,1420
2020,1875
2022,1984
2023,1175
2022,1572
2021,1422
2022,1282
2024,1122
2020,1083
2021,1339
2024,1858
2024,1256
2023,1547
2024,1316
2023,1451
2021,1153
2020,1957
2020,1966
2021,1094
2024,1919
2023,1881
2024,1277
2024,1058
2022,1675
2022,1367
2022,1393
2020,1421
2022,1033
2024,1825
2023,1800
2022,1282
2022,1008
2020,1200
2022,1770
2024,1367
2024,1137
2022,1622
2024,1815
2023,1814
2023,1642
2021,1618
2024,1641
2024,1040
2022,1554
2020,1963
2024,1488
2024,1970
2020,1166
2023,1637
2024,1753
2023,1263
2020,1709
2022,1328
2023,1093
2020,1239
2022,1724
2023,1083
2020,1533
2023,1329
2024,1955
2021,1012
2021,1581
2021,1185
2022,1610
2023,1603
2022,1931
2024,1006
2023,1543
2024,1651
2023,1297
2023,1502
2022,1689
2020,1952
2020,1742
2020,1484
2020,1512
2024,1843
2021,1150
2024,1213
2024,1025
2022,1981
2020,1852
2023,1946
2024,1006
2023,1801
2023,1264
2022,1218
2020,1223
2022,1148
2022,1782
2022,1605
2023,1225
2022,1143
2020,1291
2020,1581
2022,1310
2021,1619
2023,1363
2024,1127
2023,1472
2024,1426
2022,1723
2020,1345
2023,1132
2024,1445
2023,1228
2024,1079
2023,1542
2023,1598
2020,1617
2023,1553
2020,1065
2022,1123
2021,1750
2020,1884
2020,1504
2022,1513
2023,1296
2022,1637
2023,1304
2023,1096
2023,1419
2020,1513
2021,1502
2021,1631
2024,1647
2022,1529
2023,1580
2023,1359
2023,1069
2024,1386
2024,1919
2023,1483
2020,1043
2022,1392
2022,1235
2021,1400
2021,1982
2024,1858
2023,1691
2020,1141
2021,1255
2020,1953
2023,1018
2021,1604
2024,1228
2023,1048
2020,1031
2020,1085
2021,1359
2020,1342
2024,1037
2023,1741
2021,1276
2023,1722
2024,1432
2023,1133
2022,1329
2021,1565
2023,1600
2024,1154
2021,1802
2022,1380
2022,1248
2023,1040
2023,1850
2023,1181
2022,1206
2022,1793
2023,1459
2024,1216
2021,1322
2023,1808
2022,1836
2021,1682
2022,1803
2022,1292
2022,1060
2020,1312
2023,1954
2022,1009
2021,1137
2022,1120
2023,1488
2020,1896
2020,1321
2021,1947
2021,1917
2022,1112
2023,1531
2024,1191
2024,1922
2024,1342
2023,1310
2020,1762
2023,1327
2023,1527
2021,1023
2020,1582
2024,1813
2022,1727
2022,1349
2020,1518
2023,1946
2020,1125
2022,1442
2020,1177
2022,1497
2020,1773
2021,1846
2020,1764
2023,1509
2023,1282
2021,1828
2021,1203
2023,1712
2020,1730
2022,1542
2020,1693
2020,1550
2020,1098
2024,1613
2024,1300
2021,1298
2021,1479
2024,1677
2022,1584
2022,1210
2022,1495
2021,1369
2020,1418
2021,1927
2020,1491
2024,1905
2021,1061
2020,1456
2021,1264
2021,1849
2022,1604
2020,1110
2022,1719
2020,1729
2023,1451
2020,1879
2020,1646
2023,1271
2023,1587
2024,1152
2022,1592
2023,1543
2022,1612
2024,1943
2021,1932
2024,1439
2021,1353
2023,1118
2022,1851
2023,1258
2020,1299
2023,1732
2024,1286
2023,1849
2020,1942
2022,1251
2020,1336
2024,1711
2020,1283
2021,1611
2021,1116
2024,1556
2023,1419
2021,1222
2023,1013
2022,1818
2024,1857
2023,1382
2021,1949
2022,1702
2024,1652
2024,1955
2021,1568
2024,1909
2021,1933
2024,1031
2020,1460
2020,1370
2020,1716
2023,1603
2021,1298
2021,1526
2021,1668
2022,1567
2023,1929
2024,1435
2024,1471
2020,1895
2020,1248
2024,1562
2024,1283
2021,1801
2024,1190
2024,1651
2024,1315
2022,1891
2024,1177
2024,1671
2023,1505
2024,1109
2020,1042
2023,1831
2022,1865
2022,1909
2021,1852
2024,1014
2022,1943
2021,1922
2023,1728
2023,1777
2022,1820
2023,1282
2024,1477
2020,1110
2024,1737
2021,1707
2023,1441
2021,1367
2021,1683
2020,1966
2022,1086
2022,1287
2021,1610
2024,1013
2023,1040
2020,1485
2020,1780
2020,1777
2020,1709
2021,1381
2022,1444
2024,1206
2021,1627
2021,1929
2023,1853
2023,1065
2021,1722
2021,1055
2023,1524
2024,1493
2024,1722
2022,1063
2024,1925
2021,1241
2020,1463
2024,1375
2024,1666
2022,1842
2024,1834
2023,1171
2023,1760
2022,1607
2022,1100
2024,1499
2023,1678
2020,1265
2021,1551
2022,1793
2020,1870
2024,1738
2022,1774
2021,1070
2021,1088
2020,1014
2023,1806
2024,1570
2024,1020
2021,1098
2020,1055
2022,1642
2020,1591
2021,1192
2024,1306
2022,1198
2020,1006
2023,1882
2023,1410
2024,1116
2024,1100
2021,1961
2023,1609
2024,1588
2022,1940
2022,1423
2022,1037
2024,1425
2020,1648
2022,1440
2020,1028
2023,1381
2023,1281
2024,1150
2021,1301
2021,1854
2021,1683
2024,1976
2021,1787
2022,1506
2023,1496
2020,1566
2021,1188
2022,1266
2021,1619
2021,1223
2021,1704
2020,1402
2021,1723
2022,1483
2020,1719
2020,1381
2020,1269
2024,1840
2021,1959
2022,1760
2022,1998
2023,1954
2020,1902
2023,1924
2024,1590
2021,1805
2020,1902
2022,1301
2023,1225
2021,1900
2022,1825
2024,1940
2022,1435
2021,1348
2022,1885
2023,1676
2022,1428
2020,1004
2023,1555
2024,1698
2020,1403
2020,1541
2024,1493
2020,1009
2022,1628
2020,1069
2022,1701
2024,1435
2022,1519
2021,1909
2022,1870
2021,1489
2023,1125
2022,1648
2022,1216
2022,1267
2024,1867
2024,1016
2023,1806
2024,1957
2021,1838
2023,1705
2023,1549
2021,1881
2020,1674
2020,1941
2020,1954
2020,1055
2021,1681
2024,1700
2020,1026
2023,1259
2023,1860
2021,1199
2021,1491
2024,1531
2023,1463
2020,1202
2021,1188
2021,1388
2022,1116
2024,1804
2020,1553
2020,1978
2022,1185
2021,1210
2022,1976
2021,1851
2022,1778
2023,1951
2023,1439
2023,1157
2022,1401
2022,1513
2023,1390
2024,1609
2023,1858
2024,1666
2020,1060
2022,1003
2022,1965
2021,1023
2020,1721
2020,1661
2020,1886
2024,1217
2021,1864
2021,1376
2024,1938
2023,1346
2022,1912
2021,1031
2022,1556
2024,1958
2021,1285
2022,1009
2021,1443
2023,1626
2022,1021
2023,1619
2021,1248
2022,1706
2021,1469
2023,1201
2023,1855
2024,1143
2024,1712
2023,1157
2020,1841
2022,1187
2022,1950
2023,1009
2023,1166
2023,1389
2020,1589
2020,1370
2022,1195
2021,1990
2024,1885
2022,1118
2020,1411
2022,1952
2024,1893
2020,1465
2024,1997
2023,1209
2020,1508
2024,1927
2023,1185
2023,1735
2021,1383
2024,1166
2023,1473
2022,1408
2021,1338
2023,1340
2022,1300
2020,1905
2020,1929
2023,1045
2024,1936
2020,1751
2023,1239
2021,1269
2020,1050
2022,1585
2022,1002
2020,1696
2021,1645
2022,1286
2021,1486
2024,1566
2020,1634
2022,1684
2023,1451
2020,1717
2024,1028
2022,1815
2020,1531
2023,1172
2024,1364
2024,1281
2024,1648
2022,1106
2022,1606
2020,1799
2023,1064
2021,1821
2020,1959
2022,1019
2021,1124
2024,1051
2022,1565
2024,1530
2023,1214
2020,1637
2023,1690
2023,1646
2023,1163
2021,1041
2022,1512
2024,1534
2021,1831
2024,1956
2023,1687
2022,1764
2023,1330
2024,1959
2024,1296
2020,1132
2021,1811
2023,1339
2023,1208
2021,1024
2020,1016
2023,1496
2023,1486
2024,1595
2021,1211
2021,1271
2024,1298
2021,1561
2024,1589
2022,1674
2022,1028
2021,1783
2023,1768
2021,1661
2022,1437
2022,1272
2023,1171
2024,1887
2021,1748
2020,1612
2021,1576
2020,1194
2020,1979
2021,1133
2023,1685
2020,1106
2021,1550
2022,1985
2024,1124
2024,1295
2022,1662
2023,1747
2022,1866
2022,1173
2024,1039
2024,1884
2024,1400
2022,1804
2022,1688
2023,1279
2022,1280
2022,1899
2020,1864
2020,1896
2022,1316
2024,1190
2023,1681
2023,1230
2024,1259
2024,1423
2022,1322
2022,1601
2021,1092
2023,1589
2023,1376
2024,1353
2022,1217
2020,1627
2022,1578
2022,1136
2024,1286
2020,1606
2020,1393
2023,1168
2023,1775
2024,1959
2022,1224
2023,1052
2021,1280
2024,1648
2022,1655
2022,1549
2024,1598
2024,1390
2021,1363
2021,1980
2024,1255
2024,1805
2023,1037
2021,1697
2023,1790
2024,1329
2024,1840
2023,1573
2020,1215
2022,1951
2020,1832
2024,1857
2022,1576
2022,1584
2020,1171
2020,1629
2023,1806
2021,1871
2023,1612
2021,1298
2022,1385
2022,1764
2020,1504
2021,1283
2024,1478
2024,1199
2022,1938
2020,1375
2021,1644
2022,1632
2021,1780
2022,1378
2020,1300
2020,1101
2021,1962
2022,1040
2023,1994
2024,1245
2020,1685
2022,1783
2024,1595
2023,1291
2020,1669
2020,1040
2024,1993
2022,1366
2023,1132
2020,1218
2024,1174
2020,1749
2022,1555
2022,1198
2020,1285
2023,1619
2021,1434
2022,1336
2023,1246
2020,1447
2021,1427
2020,1539
2022,1810
2021,1111
2023,1490
2021,1112
2022,1875
2023,1699
2022,1370
2021,1423
2024,1644
2021,1033
2024,1119
2024,1881
2020,1415
2024,1731
2021,1014
2021,1823
2022,1998
2022,1461
2020,1713
2021,1473
2024,1956
2020,1852
2024,1644
2020,1865
2024,1115
2023,1240
2021,1605
2020,1052
2021,1822
2022,1945
2021,1951
2023,1663
2021,1227
2022,1822
2023,1659
2022,1836
2021,1107
2022,1847
2024,1141
2020,1267
2020,1474
2021,1187
2021,1423
2022,1214
2022,1899
2022,1706
2024,1281
2023,1026
2022,1741
2021,1548
2020,1114
2024,1149
2023,1311
2023,1593
2023,1072
2022,1732
2020,1066
2021,1220
2020,1743
2024,1293
2024,1094
2022,1761
2020,1405
2023,1294
2024,1536
2020,1682
2021,1063
2021,1232
2024,1583
2022,1599
2023,1591
2022,1279
2020,1862
2021,1020
2023,1124
2021,1969
2024,1783
2023,1802
2020,1378
2024,1882
2021,1575
2023,1822
2022,1575
2020,1842
2024,1408
2024,1150
2023,1149
2020,1651
2023,1375
2020,1068
2024,1691
2020,1629
2022,1436
2021,1290
2021,1882
2021,1681
2021,1925
2023,1128
2022,1489
2020,1187
2020,1329
2022,1018
2021,1701
2023,1041
2020,1077
2024,1879
2022,1432
2022,1436
2022,1451
2022,1546
2023,1156
2023,1859
2020,1288
2024,1201
2021,1340
2022,1936
2023,1085
2021,1061
2022,1146
2021,1251
2024,1721
2022,1821
2021,1004
2022,1869
2023,1763
2021,1425
2024,1520
2022,1160
2022,1839
2021,1205
2023,1217
2020,1497
2021,1753
2022,1683
2020,1498
2022,1650
2020,1695
2020,1435
2022,1381
2022,1068
2021,1987
2020,1279
2021,1693
2024,1874
2020,1671
2020,1472
2020,1757
2022,1462
2022,1216
2024,1029
2020,1421
2021,1910
2023,1415
2023,1281
2020,1270
2020,1993
2024,1680
2020,1537
2021,1262
2021,1409
2020,1648
2022,1468
2022,1494
2021,1173
2021,1852
2022,1498
2023,1948
2020,1474
2020,1758
2020,1036
2023,1854
2020,1566
2024,1766
2021,1482
2021,1146
2022,1988
2024,1529
2020,1154
2021,1135
2021,1833
2021,1023
2024,1960
2021,1765
2021,1929
2023,1321
2021,1870
2021,1603
2022,1174
2021,1977
2023,1762
2020,1065
2022,1504
2023,1150
2023,1604
2020,1574
2024,1961
2024,1867
2024,1910
2020,1044
2024,1489
2023,1512
2024,1897
2020,1830
2023,1044
2022,1975
2024,1134
2021,1468
2023,1692
2021,1973
2021,1453
2024,1559
2020,1585
2023,1319
2020,1568
2022,1017
2022,1052
2021,1072
2020,1143
2021,1212
2021,1432
2022,1912
2022,1316
2020,1462
2021,1797
2021,1716
2021,1717
2024,1753
2024,1456
2024,1627
2023,1664
2024,1769
2023,1731
2021,1610
2020,1322
2023,1519
2021,1205
2021,1580
2023,1516
2020,1241
2023,1610
2023,1576
2024,1807
2021,1894
2022,1939
2021,1984
2022,1724
2023,1530
2021,1296
2021,1141
2023,1390
2023,1956
2020,1729
2024,1846
2022,1190
2024,1786
2023,1767
2023,1494
2020,1808
2024,1700
2024,1772
2020,1148
2024,1567
2022,1029
2021,1150
2020,1316
2023,1167
2020,1150
2023,1177
2023,1325
2022,1863
2022,1194
2024,1303
2020,1925
2024,1609
2023,1396
2022,1933
2023,1082
2023,1542
2020,1505
2024,1120
2020,1981
2022,1389
2023,1474
2023,1819
2023,1441
2022,1502
2021,1067
2020,1081
2023,1002
2023,1562
2020,1024
2021,1912
2023,1464
2024,1206
2021,1384
2021,1424
2020,1085
2024,1429
2023,1417
2022,1500
2024,1065
2021,1344
2020,1314
2024,1643
2021,1478
2020,1012
2024,1387
2024,1612
2024,1291
2020,1431
2022,1350
2022,1043
2022,1995
2021,1464
2021,1731
2021,1731
2023,1585
2020,1465
2021,1521
2023,1427
2020,1220
2020,1199
2022,1544
2023,1617
2020,1553
2021,1221
2020,1665
2022,1151
2021,1675
2024,1061
2020,1284
2021,1213
2020,1554
2021,1875
2024,1249
2022,1307
2023,1345
2020,1218
2022,1349
2021,1772
2022,1698
2020,1542
2022,1636
2023,1407
2021,1858
2020,1118
2022,1291
2024,1125
2024,1432
2024,1700
2020,1086
2020,1171
2022,1269
2024,1072
2023,1925
2024,1721
2020,1490
2022,1784
2021,1099
2022,1668
2024,1862
2023,1660
2020,1054
2022,1663
2023,1330
2020,1359
2021,1087
2024,1496
2022,1018
2023,1109
2023,1081
2021,1848
2024,1713
2022,1570
2024,1917
2020,1374
2023,1348
2024,1452
2024,1253
2020,1614
2021,1896
2023,1540
2022,1510
2023,1675
2021,1574
2021,1637
2022,1292
2024,1848
2024,1698
2020,1009
2023,1349
2024,1325
2021,1585
2023,1440
2022,1197
2024,1831
2022,1556
2023,1768
2021,1009
2022,1218
2022,1384
2021,1070
2023,1598
2023,1509
2020,1971
2021,1305
2021,1353
2023,1833
2020,1457
2022,1362
2021,1642
2021,1710
2020,1390
2023,1307
2023,1005
2023,1174
2024,1496
2020,1452
2023,1361
2024,1501
2020,1237
2024,1685
2024,1108
2021,1384
2020,1421
2020,1519
2021,1904
2023,1550
2024,1815
2022,1403
2022,1538
2024,1718
2020,1075
2023,1402
2023,1209
2022,1941
2021,1796
2020,1591
2021,1401
2022,1414
2022,1625
2021,1075
2021,1903
2023,1233
2023,1525
2020,1452
2022,1746
2024,1035
2021,1229
2024,1813
2020,1312
2022,1277
2024,1708
2022,1077
2021,1594
2023,1177
2022,1105
2021,1083
2020,1513
2021,1038
2021,1392
2022,1217
2024,1979
2024,1588
2023,1289
2023,1621
2023,1693
2022,1685
2021,1711
2021,1192
2022,1237
2022,1529
2024,1759
2023,1766
2022,1594
2023,1712
2023,1207
2022,1075
2022,1491
2023,1505
2022,1811
2021,1518
2020,1516
2021,1721
2021,1433
2022,1844
2023,1829
2023,1918
2021,1870
2021,1897
2024,1230
2023,1943
2024,1693
2022,1152
2024,1594
2024,1980
2023,1701
2024,1266
2024,1614
2023,1163
2021,1948
2022,1517
2024,1608
2023,1466
2024,1964
2021,1316
2020,1028
2020,1690
2020,1069
2024,1339
2024,1459
2022,1188
2023,1618
2024,1093
2024,1584
2021,1843
2021,1937
2023,1234
2023,1856
2024,1628
2024,1481
2023,1006
2024,1111
2023,1222
2023,1528
2021,1499
2023,1458
2020,1143
2022,1712
2020,1775
2022,1784
2022,1659
2024,1143
2020,1291
2021,1738
2024,1372
2020,1051
2021,1982
2022,1669
2023,1609
2024,1863
2021,1151
2020,1070
2022,1772
2022,1592
2021,1060
2023,1429
2024,1379
2020,1009
2024,1927
2024,1751
2022,1426
2021,1821
2022,1987
2020,1947
2024,1745
2022,1923
2022,1236
2021,1213
2020,1458
2021,1880
2022,1212
2020,1604
2022,1757
2023,1909
2021,1206
2022,1273
2022,1708
2022,1899
2022,1234
2023,1618
2023,1833
2021,1362
2024,1020
2020,1555
2020,1694
2021,1571
2024,1245
2020,1176
2023,1707
2022,1605
2024,1075
2020,1430
2022,1236
2024,1892
2020,1616
2024,1636
2024,1587
2022,1928
2020,1706
2024,1518
2022,1608
2021,1788
2021,1396
2020,1074
2020,1506
2020,1325
2020,1392
2024,1425
2024,1314
2022,1484
2020,1502
2021,1336
2022,1012
2020,1295
2024,1521
2021,1258
2020,1134
2021,1464
2022,1249
2023,1755
2024,1927
2024,1585
2020,1203
2023,1474
2022,1916
2020,1215
2022,1489
2021,1862
2024,1008
2022,1079
2023,1539
2023,1205
2024,1859
2024,1651
2024,1629
2023,1493
2023,1295
2021,1827
2020,1336
2022,1332
2020,1707
2024,1048
2022,1384
2020,1222
2020,1280
2020,1993
2021,1231
2024,1690
2021,1448
2022,1293
2022,1078
2023,1502
2020,1979
2024,1968
2020,1734
2023,1260
2024,1250
2021,1062
2023,1550
2021,1074
2020,1879
2024,1558
2021,1382
2024,1806
2023,1217
2021,1967
2023,1549
2021,1689
2021,1286
2021,1449
2022,1331
2021,1676
2024,1002
2020,1951
2024,1440
2024,1219
2022,1210
2020,1307
2022,1551
2020,1728
2024,1681
2021,1501
2024,1453
2024,1461
2023,1351
2022,1495
2021,1921
2021,1347
2023,1787
2022,1245
2024,1604
2023,1777
2022,1082
2024,1186
2020,1436
2022,1374
2023,1604
2022,1685
2024,1636
2023,1588
2020,1431
2023,1828
2023,1062
2024,1390
2023,1698
2023,1489
2020,1322
2024,1185
2020,1784
2021,1968
2024,1026
2023,1725
2020,1749
2021,1183
2020,1616
2022,1375
2022,1720
2022,1847
2024,1668
2020,1990
2023,1967
2021,1970
2022,1352
2021,1604
2022,1282
2020,1197
2024,1932
2021,1149
2020,1514
2022,1816
2023,1779
2023,1961
2020,1206
2022,1242
2020,1503
2020,1811
2021,1406
2020,1649
2023,1142
2020,1182
2022,1309
2024,1608
2022,1022
2022,1922
2020,1702
2022,1959
2024,1020
2021,1179
2020,1304
2022,1141
2024,1065
2022,1072
2021,1025
2024,1091
2021,1410
2020,1300
2022,1664
2024,1922
2021,1975
2022,1164
2024,1136
2020,1044
2021,1253
2024,1254
2023,1091
2020,1132
2022,1638
2024,1181
2020,1659
2020,1252
2022,1015
2022,1019
2022,1291
2023,1679
2023,1957
2022,1467
2024,1489
2021,1718
2022,1000
2022,1512
2023,1923
2024,1644
2021,1231
2022,1457
2024,1291
2021,1213
2021,1134
2023,1599
2020,1130
2023,1920
2024,1469
2021,1736
2021,1076
2021,1052
2020,1693
2020,1481
2022,1550
2024,1739
2020,1290
2021,1673
2020,1915
2020,1714
2022,1399
2021,1162
2024,1069
2021,1108
2022,1356
2020,1248
2023,1400
2024,1386
2020,1296
2021,1642
2022,1424
2023,1047
2020,1356
2022,1741
2024,1375
2023,1505
2021,1559
2023,1755
2020,1043
2022,1808
2023,1514
2022,1453
2020,1641
2022,1572
2023,1206
2021,1382
2022,1457
2024,1543
2023,1280
2020,1919
2022,1639
2021,1190
2022,1533
2021,1577
2020,1837
2024,1184
2021,1827
2023,1607
2020,1067
2023,1274
2021,1052
2022,1587
2022,1129
2023,1439
2022,1228
2021,1828
2023,1498
2023,1361
2023,1034
2020,1654
2021,1369
2020,1426
2022,1460
2021,1313
2024,1192
2023,1955
2021,1348
2022,1772
2020,1213
2024,1615
2021,1399
2022,1061
2020,1776
2021,1825
2024,1515
2024,1725
2023,1122
2024,1668
2022,1915
2024,1846
2021,1640
2022,1720
2023,1042
2024,1324
2020,1939
2022,1960
2022,1216
2024,1805
2022,1670
2023,1146
2022,1329
2020,1569
2020,1522
2020,1785
2023,1879
2024,1720
2021,1169
2020,1451
2022,1149
2024,1311
2023,1634
2023,1546
2020,1826
2024,1845
2024,1318
2020,1587
2023,1343
2020,1116
2020,1275
2023,1308
2021,1175
2024,1855
2020,1863
2024,1567
2023,1186
2020,1884
2023,1871
2024,1845
2023,1589
2021,1979
2023,1846
2023,1052
2022,1951
2024,1874
2020,1933
2020,1060
2021,1782
2021,1779
2024,1742
2021,1585
2023,1600
2021,1707
2020,1701
2023,1294
2020,1761
2022,1618
2024,1511
2021,1769
2021,1913
2022,1119
2023,1291
2021,1215
2024,1810
2021,1097
2022,1715
2021,1531
2024,1831
2022,1003
2023,1878
2023,1545
2020,1936
2023,1262
2023,1981
2024,1179
2024,1439
2020,1651
2023,1086
2021,1329
2023,1198
2024,1091
2024,1447
2020,1654
2020,1735
2020,1387
2024,1682
2020,1395
2024,1308
2024,1633
2022,1164
2020,1063
2021,1100
2020,1426
2021,1415
2023,1203
2024,1520
2022,1351
2021,1299
2020,1610
2021,1837
2021,1357
2024,1617
2022,1309
2021,1796
2022,1772
2023,1970
2024,1140
2021,1774
2023,1615
2021,1132
2021,1708
2022,1760
2020,1054
2021,1557
2021,1272
2021,1552
2020,1123
2024,1631
2023,1209
2023,1136
2024,1745
2020,1332
2022,1441
2023,1050
2020,1395
2023,1803
2024,1506
2023,1092
2023,1049
2023,1946
2024,1564
2020,1855
2023,1266
2020,1924
2020,1573
2023,1020
2020,1966
2024,1476
2022,1981
2023,1909
2023,1397
2024,1754
2021,1181
2023,1654
2021,1129
2024,1795
2023,1353
2022,1799
2022,1779
2021,1124
2024,1328
2024,1711
2023,1713
2022,1186
2020,1860
2024,1326
2024,1595
2024,1658
2023,1086
2024,1038
2020,1315
2021,1783
2021,1965
2024,1212
2020,1212
2022,1002
2021,1736
2021,1228
2022,1476
2021,1762
2024,1780
2023,1028
2024,1436
2022,1372
2023,1338
2020,1789
2022,1852
2024,1613
2021,1989
2023,1600
2022,1818
2023,1219
2020,1683
2020,1408
2020,1648
2024,1822
2024,1322
2023,1050
2021,1295
2024,1139
2022,1093
2023,1171
2024,1128
2021,1619
2022,1731
2020,1420
2024,1041
2020,1254
2023,1924
2023,1152
2020,1511
2023,1871
2022,1934
2020,1529
2021,1538
2024,1418
2024,1921
2021,1950
2024,1489
2024,1202
2020,1414
2024,1657
2024,1842
2020,1666
2020,1687
2024,1331
2024,1134
2022,1095
2020,1323
2022,1766
2023,1249
2022,1868
2024,1872
2023,1904
2021,1140
2022,1488
2020,1042
2022,1212
2020,1196
2020,1314
2022,1366
2023,1847
2021,1290
2023,1047
2022,1607
2020,1875
2024,1243
2023,1222
2020,1612
2024,1901
2021,1157
2022,1903
2023,1171
2024,1991
2023,1804
2021,1758
2023,1398
2022,1907
2023,1035
2023,1034
2024,1721
2022,1998
2021,1049
2021,1478
2020,1219
2020,1770
2024,1534
2021,1927
2022,1411
2023,1117
2021,1941
2024,1650
2022,1748
2023,1740
2021,1510
2024,1719
2020,1658
2021,1185
2024,1920
2022,1116
2021,1464
2021,1591
2024,1318
2024,1076
2020,1936
2021,1925
2021,1361
2020,1602
2023,1535
2023,1136
2022,1245
2021,1399
2020,1816
2021,1094
2022,1562
2020,1964
2020,1525
2021,1283
2021,1264
2021,1882
2020,1736
2021,1796
2020,1273
2024,1636
2024,1335
2022,1990
2023,1447
2020,1877
2021,1983
2022,1969
2021,1895
2021,1780
2020,1015
2022,1967
2024,1582
2021,1635
2024,1823
2021,1016
2022,1138
2022,1763
2020,1623
2023,1660
2024,1822
2022,1973
2024,1144
2024,1703
2021,1681
2024,1025
2024,1454
2020,1528
2021,1636
2021,1494
2022,1554
2020,1283
2023,1144
2021,1171
2023,1660
2024,1642
2020,1193
2020,1401
2024,1426
2023,1501
2022,1869
2020,1526
2024,1722
2023,1230
2022,1046
2021,1410
2023,1267
2023,1486
2024,1033
2024,1252
2020,1738
2021,1521
2024,1685
2023,1816
2022,1940
2022,1651
2022,1981
2020,1349
2023,1380
2020,1080
2023,1297
2022,1714
2021,1958
2022,1178
2024,1557
2021,1179
2022,1011
2022,1665
2021,1538
2023,1215
2022,1802
2021,1623
2023,1983
2022,1330
2023,1495
2023,1138
2022,1927
2020,1628
2023,1272
2022,1721
2022,1380
2022,1014
2024,1832
2024,1851
2021,1351
2021,1560
2020,1719
2021,1422
2024,1889
2022,1786
2021,1295
2023,1836
2022,1275
2020,1895
2024,1711
2022,1932
2020,1833
2024,1138
2020,1067
2020,1621
2023,1152
2024,1949
2024,1491
2023,1951
2021,1693
2022,1767
2020,1901
2023,1436
2023,1126
2021,1328
2020,1855
2020,1839
2021,1549
2024,1663
2020,1988
2021,1277
2021,1419
2020,1523
2021,1814
2021,1866
2023,1267
2024,1931
2024,1826
2022,1452
2024,1036
2022,1871
2022,1194
2020,1895
2022,1076
2020,1524
2021,1936
2022,1039
2020,1328
2022,1390
2024,1308
2023,1701
2020,1868
2020,1019
2023,1900
2023,1108
2023,1101
2022,1471
2023,1055
2021,1541
2020,1337
2020,1709
2020,1562
2022,1666
2020,1721
2021,1794
2021,1160
2023,1939
2024,1948
2023,1761
2024,1712
2024,1856
2021,1797
2021,1223
2020,1875
2020,1897
2020,1017
2022,1742
2020,1897
2021,1743
2024,1980
2021,1454
2022,1201
2024,1229
2020,1851
2022,1010
2021,1760
2020,1733
2024,1898
2020,1512
2020,1757
2021,1416
2022,1362
2022,1886
2020,1729
2022,1281
2024,1209
2022,1665
2023,1417
2024,1304
2021,1313
2021,1330
2020,1087
2020,1366
2021,1368
2020,1945
2024,1921
2023,1094
2020,1272
2021,1354
2022,1004
2020,1931
2024,1169
2020,1963
2024,1379
2022,1217
2022,1114
2023,1763
2023,1300
2021,1478
2022,1252
2021,1028
2021,1156
2021,1507
2022,1199
2022,1318
2020,1474
2022,1014
2023,1087
2022,1219
2021,1623
2023,1432
2024,1431
2020,1898
2022,1111
2022,1976
2023,1419
2023,1390
2023,1150
2020,1619
2020,1910
2023,1956
2022,1448
2023,1263
2023,1901
2024,1464
2022,1334
2022,1609
2021,1662
2022,1434
2022,1525
2020,1456
2022,1051
2022,1718
2020,1795
2023,1608
2021,1419
2022,1807
2021,1991
2020,1777
2020,1105
2022,1331
2022,1068
2024,1995
2022,1676
2022,1698
2023,1763
2024,1426
2022,1703
2024,1325
2021,1673
2024,1719
2020,1452
2020,1814
2023,1941
2020,1494
2022,1649
2024,1510
2024,1178
2023,1600
2023,1855
2020,1283
2020,1754
2024,1477
2021,1861
2022,1063
2024,1475
2022,1286
2023,1955
2020,1833
2020,1405
2021,1520
2023,1457
2023,1554
2020,1396
2020,1754
2022,1062
2024,1736
2024,1366
2022,1981
2020,1886
2020,1599
2024,1164
2022,1647
2020,1183
2022,1693
2022,1190
2020,1626
2021,1867
2020,1639
2022,1786
2024,1779
2023,1148
2021,1928
2023,1885
2022,1258
2020,1994
2022,1226
2023,1598
2024,1731
2022,1432
2023,1633
2020,1670
2024,1691
2020,1470
2024,1549
2023,1695
2020,1001
2023,1187
2024,1169
2024,1978
2021,1148
2024,1530
2021,1895
2024,1848
2023,1113
2020,1535
2020,1064
2024,1413
2024,1684
2020,1466
2020,1151
2020,1067
2022,1312
2020,1285
2020,1294
2023,1900
2020,1785
2022,1374
2023,1116
2021,1103
2024,1441
2024,1450
2024,1113
2022,1428
2023,1537
2024,1823
2022,1866
2020,1099
2022,1041
2024,1509
2021,1660
2020,1385
2020,1601
2022,1758
2020,1516
2021,1478
2020,1720
2021,1707
2024,1690
2024,1790
2023,1417
2023,1803
2022,1537
2023,1357
2020,1975
2023,1008
2020,1925
2021,1389
2023,1506
2024,1043
2020,1230
2020,1350
2023,1906
2024,1851
2021,1537
2022,1322
2021,1515
2020,1483
2021,1049
2024,1237
2021,1394
2024,1948
2023,1118
2023,1558
2023,1985
2024,1228
2020,1356
2022,1564
2022,1961
2021,1551
2021,1745
2022,1243
2021,1584
2023,1029
2023,1897
2023,1776
2021,1791
2024,1093
2024,1313
2020,1931
2021,1925
2024,1994
2020,1199
2022,1201
2023,1748
2020,1382
2020,1366
2021,1055
2023,1579
2020,1285
2023,1920
2022,1179
2021,1320
2023,1183
2023,1996
2024,1069
2021,1930
2024,1374
2020,1240
2021,1723
2020,1973
2022,1073
2022,1511
2021,1892
2024,1716
2024,1745
2024,1902
2021,1367
2021,1100
2022,1042
2024,1610
2023,1672
2023,1180
2023,1452
2020,1814
2023,2000
2024,1583
2023,1469
2024,1024
2022,1382
2020,1181
2024,1138
2024,1875
2022,1498
2023,1482
2024,1417
2022,1044
2021,1495
2021,1476
2020,1780
2024,1853
2024,1874
2021,1028
2024,1213
2021,1555
2021,1047
2024,1926
2023,1532
2021,1506
2022,1755
2020,1223
2021,1487
2020,1929
2021,1989
2020,1704
2021,1047
2021,1200
2023,1059
2023,1258
2020,1665
2022,1705
2023,1022
2022,1091
2023,1630
2022,1334
2020,1667
2022,1164
2022,1988
2024,1772
2021,1645
2023,1608
2023,1420
2023,1542
2023,1180
2024,1119
2023,1405
2020,1217
2021,1826
2022,1025
2021,1984
2024,1671
2023,1556
2022,1407
2020,1472
2024,1189
2021,1886
2024,1741
2022,1910
2022,1441
2022,1435
2023,1861
2024,1541
2020,1910
2023,1757
2024,1121
2022,1524
2020,1867
2023,1586
2023,1509
2022,1075
2020,1351
2021,1200
2020,1699
2022,1492
2023,1834
2021,1664
2020,1979
2020,1938
2020,1814
2023,1863
2022,1674
2024,1537
2022,1855
2024,1832
2020,1842
2021,1098
2023,1524
2020,1968
2023,1783
2023,1206
2023,1602
2023,1646
2024,1351
2022,1825
2024,1556
2022,1360
2022,1426
2024,1236
2021,1696
2022,1510
2021,1670
2020,1518
2022,1021
2024,1644
2024,1812
2022,1906
2021,1175
2022,1143
2020,1401
2021,1711
2022,1538
2023,1918
2023,1201
2021,1876
2023,1874
2023,1486
2022,1335
2021,1699
2023,1783
2020,1442
2024,1889
2023,1791
2021,1848
2023,1797
2021,1576
2020,1028
2022,1537
2021,1563
2020,1725
2022,1224
2022,1989
2022,1886
2024,1491
2021,1738
2024,1368
2021,1048
2020,1156
2023,1058
2024,1234
2024,1834
2023,1864
2022,1954
2023,1117
2020,1018
2020,1438
2021,1807
2023,1091
2024,1627
2021,1262
2020,1702
2020,1854
2021,1226
2023,1155
2024,1241
2024,1646
2021,1313
2024,1806
2020,1436
2021,1977
2022,1253
2024,1198
2022,1893
2021,1809
2024,1787
2023,1214
2021,1334
2023,1742
2023,1783
2021,1811
2023,1528
2021,1791
2024,1074
2024,1864
2023,1120
2022,1712
2022,1220
2020,1334
2023,1476
2021,1402
2022,1270
2024,1588
2021,1973
2023,1191
2021,1224
2022,1022
2022,1161
2020,1670
2021,1408
2022,1769
2023,1424
2022,1983
2023,1495
2022,1153
2021,1254
2022,2000
2020,1394
2024,1630
2024,1186
2020,1523
2024,1413
2024,1880
2022,1912
2023,1785
2024,1135
2021,1953
2024,1256
2020,1665
2023,1092
2023,1166
2023,1197
2024,1570
2020,1798
2022,1269
2024,1199
2022,1047
2024,1191
2023,1115
2023,1612
2020,1533
2022,1459
2023,1451
2024,1092
2020,1780
2021,1576
2021,1660
2021,1788
2022,1941
2022,1433
2024,1020
2020,1637
2024,1973
2023,1053
2024,1108
2024,1014
2021,1987
2023,1452
2022,1915
2022,1407
2020,1271
2020,1401
2021,1252
2023,1646
2023,1437
2023,1934
2021,1659
2024,1723
2024,1478
2024,1597
2023,1932
2020,1525
2021,1190
2024,1996
2023,1494
2023,1098
2020,1673
2024,1585
2023,1807
2024,1538
2023,1458
2021,1467
2021,1614
2021,1066
2024,1789
2022,1364
2024,1423
2023,1594
2024,1276
2023,1908
2021,1687
2021,1170
2021,1823
2021,1933
2024,1475
2023,1155
2021,1378
2021,1764
2024,1051
2020,1259
2022,1926
2021,1282
2024,1382
2021,1371
2024,1160
2020,1774
2021,1000
2021,1446
2021,1856
2024,1885
2022,1355
2021,1161
2022,1284
2022,1522
2022,1777
2022,1018
2024,1382
2024,1715
2021,1828
2020,1549
2022,1698
2020,1680
2021,1121
2020,1329
2020,1756
2024,1070
2023,1021
2024,1680
2024,1585
2024,1133
2020,1291
2022,1976
2021,1747
2022,1234
2021,1129
2021,1675
2022,1434
2021,1599
2024,1853
2021,1425
2024,1166
2021,1822
2021,1621
2021,1486
2020,1989
2023,1166
2024,1680
2023,1659
2023,1999
2024,1867
2024,1750
2021,1798
2021,1390
2024,1704
2020,1371
2020,1204
2024,1498
2021,1982
2022,1275
2020,1035
2021,1782
2023,1759
2022,1619
2020,1224
2020,1630
2021,1002
2022,1325
2022,1017
2023,1101
2020,1322
2020,1960
2023,1992
2020,1783
2021,1427
2021,1781
2023,1034
2023,1425
2023,1387
2021,1254
2022,1931
2024,1065
2021,1785
2021,1145
2023,1615
2020,1775
2024,1309
2023,1046
2023,1428
2021,1278
2021,1505
2022,1537
2020,1772
2024,1545
2022,1862
2023,1011
2023,1583
2023,1888
2020,1214
2021,1164
2020,1790
2021,1849
2024,1003
2021,1640
2022,1883
2020,1440
2020,1297
2022,1810
2021,1163
2023,1526
2022,1850
2024,1061
2023,1390
2020,1300
2020,1230
2020,1228
2021,1607
2020,1033
2020,1367
2023,1465
2021,1561
2022,1961
2024,1040
2020,1500
2021,1055
2024,1791
2021,1127
2022,1082
2022,1155
2024,1410
2021,1471
2021,1507
2022,1365
2021,1563
2024,1964
2024,1310
2024,1407
2020,1321
2024,1801
2020,1423
2023,1685
2022,1678
2024,1440
2020,1489
2024,1170
2020,1113
2024,1396
2024,1530
2024,1312
2020,1057
2023,1585
2020,1053
2024,1028
2020,1344
2023,1615
2024,1306
2024,1996
2022,1444
2024,1793
2023,1117
2022,1576
2020,1951
2020,1181
2024,1403
2020,1994
2020,1944
2024,1921
2022,1811
2022,1904
2021,1186
2021,1914
2023,1892
2024,1813
2022,1449
2024,1067
2022,1883
2023,1084
2020,1549
2024,1872
2024,1875
2020,1703
2021,1328
2024,1329
2020,1531
2022,1151
2024,1478
2024,1962
2020,1199
2024,1211
2021,1740
2020,1438
2021,1863
2020,1037
2020,1898
2024,1183
2021,1309
2020,1619
2023,1880
2020,1080
2023,1644
2023,1928
2021,1240
2020,1315
2021,1978
2023,1726
2022,1224
2024,1132
2022,1886
2024,1518
2021,1820
2022,1423
2023,1063
2023,1178
2021,1853
2023,1144
2021,1802
2021,1753
2021,1154
2024,1814
2022,1941
2022,1215
2020,1919
2023,1333
2023,1340
2023,1703
2023,1913
2020,1620
2021,1734
2020,1663
2023,1346
2020,1249
2023,1843
2023,1855
2020,1340
2024,1060
2024,1122
2020,1130
2020,1454
2020,1661
2020,1877
2024,1148
2024,1705
2023,1031
2023,1564
2021,1041
2024,1676
2021,1413
2024,1305
2022,1130
2022,1444
2022,1194
2022,1209
2021,1548
2022,1447
2021,1355
2024,1714
2022,1136
2020,1020
2020,1014
2021,1244
2023,1020
2021,1303
2021,1758
2021,1481
2023,1942
2020,1140
2024,1016
2020,1251
2024,1801
2023,1824
2023,1808
2022,1021
2024,1146
2021,1376
2021,1146
2021,1501
2022,1008
2021,1350
2021,1127
2023,1677
2023,1505
2021,1663
2022,1337
2023,1356
2022,1222
2023,1905
2020,1023
2022,1874
2022,1659
2022,1715
2023,1551
2022,1141
2021,1935
2021,1457
2024,1016
2023,1490
2021,1962
2023,1037
2020,1477
2022,1850
2021,1370
2024,1438
2024,1148
2023,1526
2021,1287
2021,1273
2022,1663
2020,1224
2021,1506
2020,1898
2020,1072
2024,1014
2022,1674
2022,1097
2020,1515
2020,1489
2022,1523
2020,1458
2024,1544
2020,1020
2020,1877
2021,1340
2023,1265
2024,1536
2023,1398
2024,1904
2020,1132
2020,1018
2024,1489
2022,1706
2021,1063
2024,1193
2022,1113
2022,1772
2022,1349
2023,1254
2023,1555
2020,1018
2023,1120
2021,1575
2020,1537
2024,1809
2022,1246
2024,1047
2024,1029
2021,1716
2020,1303
2024,1970
2021,1235
2022,1555
2022,1318
2024,1515
2024,1362
2024,1646
2021,1205
2022,1403
2023,1555
2022,1239
2024,1034
2021,1459
2020,1919
2024,1249
2023,1890
2024,1095
2020,1626
2020,1750
2022,1787
2020,1211
2021,1470
2024,1263
2022,1757
2020,1336
2021,1592
2020,1555
2020,1011
2020,1531
2022,1908
2021,1748
2020,1940
2020,1272
2021,1839
2023,1224
2020,1094
2022,1340
2022,1394
2023,1676
2022,1172
2021,1230
2021,1503
2023,1089
2022,1660
2024,1318
2022,1731
2021,1239
2023,1237
2024,1260
2022,1031
2021,1024
2020,1710
2020,1625
2022,1119
2022,1249
2023,1665
2023,1052
2023,1208
2021,1446
2024,1536
2024,1287
2020,1791
2021,1599
2023,1610
2024,1039
2024,1614
2021,1696
2023,1212
2024,1804
2020,1580
2023,1317
2022,1395
2022,1152
2020,1080
2021,1082
2020,1590
2022,1097
2021,1840
2023,1684
2023,1820
2021,1429
2023,1193
2022,1224
2021,1974
2020,1985
2022,1869
2022,1938
2024,1719
2024,1148
2024,1831
2024,1858
2021,1016
2024,1232
2022,1847
2022,1687
2022,1289
2021,1036
2021,1782
2024,1371
2022,1548
2021,1770
2023,1672
2021,1985
2021,1077
2021,1656
2024,1058
2020,1770
2022,1622
2020,1592
2020,1071
2021,1087
2022,1961
2023,1990
2023,1610
2021,1491
2023,1509
2022,1496
2024,1317
2022,1464
2023,1399
2021,1998
2021,1715
2024,1348
2020,1848
2023,1026
2020,1564
2020,1858
2022,1609
2021,1180
2023,1754
2022,1132
2021,1519
2021,1294
2022,1502
2022,1097
2022,1561
2021,1699
2024,1686
2024,1681
2021,1089
2021,1664
2020,1556
2021,1537
2021,1158
2024,1348
2020,1915
2022,1296
2023,1311
2024,1332
2024,1045
2023,1165
2022,1326
2022,1260
2020,1488
2021,1793
2024,1534
2022,1318
2020,1695
2024,1465
2022,1296
2021,1325
2022,1225
2022,1149
2024,1818
2022,1244
2024,1716
2023,1386
2020,1685
2023,1518
2022,1016
2023,1257
2020,1406
2022,1917
2023,1999
2024,1372
2024,1610
2023,1402
2023,1531
2024,1516
2023,1938
2024,1434
2023,1770
2023,1115
2021,1537
2022,1296
2024,1234
2020,1070
2022,1729
2020,1293
2020,1699
2022,1071
2022,1172
2023,1730
2020,1485
2020,1704
2024,1878
2021,1029
2020,1946
2023,1982
2024,1726
2024,1475
2022,1918
2023,1368
2020,1719
2020,1232
2024,1449
2020,1236
2021,1597
2021,1305
2021,1137
2024,1274
2020,1356
2023,1049
2022,1006
2023,1690
2024,1696
2022,1271
2020,1099
2024,1059
2023,1215
2023,1535
2023,1080
2021,1928
2020,1414
2024,1032
2023,1870
2023,1103
2024,1629
2021,1609
2024,1106
2022,1790
2021,1779
2023,1865
2023,1070
2024,1674
2020,1918
2023,1810
2020,1260
2020,1710
2020,1552
2023,1308
2023,1860
2022,1830
2023,1636
2021,1525
2022,1195
2023,1050
2021,1907
2022,1937
2024,1648
2020,1422
2023,1455
2020,1913
2022,1323
2023,1579
2021,1739
2020,1933
2020,1133
2024,1651
2023,1348
2023,1240
2020,1359
2022,1968
2022,1685
2020,1827
2022,1169
2022,1684
2022,1163
2022,1246
2020,1127
2024,1748
2023,1286
2024,1475
2022,1614
2021,1485
2023,1425
2021,1910
2023,1638
2021,1328
2020,1552
2024,1852
2022,1140
2022,1761
2024,1913
2024,1804
2020,1251
2021,1198
2023,1335
2022,1601
2021,1559
2024,1772
2024,1808
2024,1402
2023,1180
2023,1430
2020,1232
2022,1450
2024,1624
2021,1840
2021,1202
2022,1190
2022,1580
2021,1475
2020,1823
2022,1974
2020,1816
2024,1215
2024,1181
2022,1169
2023,1024
2024,1426
2023,1991
2024,1720
2020,1725
2024,1037
2024,1971
2020,1748
2024,1543
2020,1816
2021,1918
2022,1820
2022,1847
2021,1486
2020,1048
2023,1013
2023,1986
2021,1494
2023,1306
2024,1742
2022,1682
2020,1178
2021,1838
2023,1865
2024,1240
2024,1943
2024,1400
2022,1018
2021,1350
2020,1192
2020,1768
2024,1884
2020,1472
2021,1441
2022,1085
2023,1194
2024,1661
2021,1361
2021,1314
2022,1096
2020,1033
2021,1864
2022,1482
2022,1827
2024,1534
2021,1373
2021,1975
2021,1172
2024,1903
2021,1510
2024,1243
2023,1485
2024,1328
2022,1882
2020,1083
2023,1125
2020,1047
2024,1571
2023,1654
2022,1500
2024,1561
2020,1449
2022,1762
2021,1055
2023,1230
2023,1823
2021,1850
2021,1948
2020,1632
2023,1683
2022,1447
2023,1331
2022,1861
2022,1816
2021,1421
2023,1692
2020,1466
2020,1116
2021,1496
2020,1755
2022,1830
2021,1979
2024,1185
2024,1904
2023,1434
2024,1919
2021,1254
2021,1718
2021,1478
2020,1089
2024,1365
2023,1647
2021,1845
2022,1354
2020,1650
2024,1180
2020,1855
2022,1707
2021,1414
2022,1006
2020,1459
2020,1553
2020,1194
2021,1650
2022,1407
2024,1994
2024,1756
2022,1653
2023,1449
2020,1989
2022,1057
2021,1174
2020,1740
2024,1369
2021,1936
2021,1879
2020,1359
2021,1648
2020,1330
2020,1297
2022,1849
2020,1378
2023,1700
2021,1874
2023,1761
2024,1852
2021,1417
2023,1540
2021,1917
2020,1105
2021,1620
2024,1772
2024,1241
2023,1333
2020,1372
2023,1622
2024,1936
2022,1180
2023,1673
2023,1975
2024,1689
2023,1712
2023,1505
2023,1226
2021,1170
2024,1191
2024,1672
2024,1377
2022,1356
2022,1454
2024,1578
2022,1058
2021,1804
2020,1197
2020,1576
2021,1174
2024,1267
2023,1383
2021,1223
2020,1844
2023,1012
2022,1615
2022,1861
2024,1484
2020,1131
2022,1883
2023,1514
2023,1698
2023,1817
2024,1194
2023,1867
2020,1996
2023,1117
2020,1130
2020,1309
2021,1966
2022,1899
2021,1691
2022,1137
2023,1588
2021,1427
2021,1853
2024,1275
2022,1817
2020,1135
2023,1026
2024,1832
2023,1332
2021,1595
2022,1769
2024,1015
2024,1989
2023,1010
2023,1188
2023,1293
2023,1277
2020,1712
2021,1905
2020,1693
2022,1672
2023,1561
2022,1283
2022,1139
2024,1525
2023,1615
2022,1099
2020,1761
2021,1415
2020,1472
2024,1899
2021,1878
2023,1467
2024,1425
2024,1115
2022,1467
2024,1368
2024,1392
2023,1659
2021,1078
2022,1239
2022,1616
2023,1842
2020,1670
2023,1350
2023,1234
2020,1593
2024,1126
2022,1891
2022,1475
2020,1471
2024,1982
2022,1398
2023,1478
2020,1816
2024,1457
2020,1952
2024,1395
2021,1111
2020,1349
2023,1851
2023,1854
2021,1543
2020,1454
2022,1968
2024,1186
2024,1624
2020,1436
2021,1359
2022,1427
2024,1822
2021,1957
2020,1855
2022,1015
2021,1280
2021,1126
2022,1085
2020,1624
2020,1787
2021,1811
2022,1479
2021,1626
2023,1019
2020,1088
2023,1837
2024,1996
2024,1358
2020,1325
2022,1355
2023,1321
2023,1249
2024,1380
2021,1368
2020,1795
2021,1534
2021,1816
2023,1392
2023,1852
2020,1835
2024,1056
2022,1607
2021,1712
2021,1054
2021,1547
2020,1283
2022,1364
2022,1769
2020,1888
2020,1404
2023,1060
2021,1739
2024,1156
2021,1312
2024,1874
2023,1543
2023,1150
2021,1283
2023,1137
2021,1649
2021,1244
2020,1771
2022,1685
2021,1575
2022,1754
2020,1011
2020,1162
2020,1668
2023,1316
2022,1697
2020,1236
2022,1144
2022,1907
2023,1007
2020,1806
2020,1465
2021,1540
2024,1068
2023,1955
2022,1366
2020,1075
2024,1981
2021,1597
2022,1862
2020,1582
2020,1448
2024,1048
2020,1013
2021,1886
2021,1029
2021,1120
2021,1014
2022,1355
2021,1531
2024,1778
2020,1781
2020,1177
2021,1140
2024,1535
2021,1215
2022,1556
2020,1912
2021,1697
2022,1069
2021,1254
2020,1199
2020,1253
2022,1186
2020,1782
2022,1323
2023,1859
2021,1575
2020,1478
2024,1609
2021,1766
2020,1927
2022,1410
2022,1789
2022,1501
2020,1838
2023,1653
2024,1915
2024,1773
2024,1303
2022,1200
2023,1737
2023,1633
2023,1126
2020,1639
2021,1471
2024,1748
2023,1021
2023,1042
2023,1039
2022,1453
2020,1617
2022,1048
2023,1723
2022,1792
2021,1541
2023,1827
2022,1534
2023,1746
2020,1528
2023,1391
2022,1288
2024,1774
2021,1459
2020,1533
2021,1453
2020,1755
2024,1570
2022,1074
2024,1457
2024,1552
2022,1986
2020,1177
2023,1225
2022,1101
2023,1043
2024,1066
2022,1639
2021,1222
2021,1672
2023,1700
2020,1433
2024,1915
2023,1569
2023,1872
2021,1808
2024,1062
2021,1579
2020,1430
2023,1905
2020,1334
2023,1217
2023,1717
2023,1344
2021,1817
2024,1469
2021,1486
2020,1031
2023,1693
2020,1240
2020,1208
2021,1246
2022,1244
2020,1983
2023,1960
2021,1454
2023,1993
2020,1112
2023,1520
2024,1818
2023,1299
2020,1956
2021,1064
2020,1739
2024,1530
2022,1496
2022,1856
2022,1127
2022,1971
2021,1150
2020,1703
2024,1037
2023,1089
2022,1374
2020,1304
2023,1308
2024,1636
2024,1563
2024,1958
2021,1132
2020,1410
2020,1752
2020,1815
2022,1429
2021,1841
2023,1909
2020,1066
2021,1791
2020,1096
2020,1067
2021,1311
2024,1540
2023,1638
2020,1521
2022,1906
2021,1215
2022,1257
2020,1976
2021,1645
2021,1272
2020,1591
2020,1131
2021,1032
2020,1584
2021,1064
2020,1645
2020,1761
2024,1074
2023,1040
2022,1122
2024,1817
2022,1321
2024,1861
2021,1621
2023,1492
2023,1080
2023,1234
2021,1504
2022,1995
2022,1737
2020,1089
2023,1287
2022,1794
2021,1612
2021,1937
2022,1513
2023,1459
2021,1419
2021,1943
2023,1690
2021,1740
2020,1796
2024,1601
2024,1662
2021,1280
2024,1595
2021,1674
2022,1544
2022,1966
2024,1079
2022,1884
2024,1281
2022,1759
2021,1713
2023,1789
2021,1120
2020,1382
2022,1819
2020,1784
2020,1158
2023,1373
2021,1495
2020,1721
2023,1020
2023,1838
2022,1018
2024,1160
2021,1184
2021,1968
2022,1928
2021,1132
